pos_703	pos_703
pos_703	pos_127
pos_703	pos_699
pos_703	pos_218
pos_703	pos_698
pos_703	pos_701
pos_703	pos_702
pos_703	pos_700
pos_704	pos_704
pos_705	pos_705
pos_706	pos_706
pos_710	pos_710
pos_715	pos_715
pos_716	pos_716
pos_716	pos_708
pos_716	pos_714
pos_716	pos_717
pos_718	pos_718
pos_719	pos_719
pos_720	pos_720
pos_720	pos_707
pos_720	pos_711
pos_720	pos_712
pos_720	pos_713
pos_721	pos_721
pos_722	pos_722
pos_723	pos_723
pos_723	pos_27
pos_724	pos_724
pos_725	pos_725
pos_726	pos_726
pos_728	pos_728
pos_728	pos_727
pos_729	pos_729
pos_730	pos_730
pos_731	pos_731
pos_732	pos_732
pos_733	pos_733
pos_736	pos_736
pos_736	pos_737
pos_736	pos_742
pos_736	pos_735
pos_736	pos_734
pos_738	pos_738
pos_738	pos_739
pos_738	pos_740
pos_738	pos_741
pos_743	pos_743
pos_745	pos_745
pos_745	pos_744
pos_746	pos_746
pos_747	pos_747
pos_748	pos_748
pos_749	pos_749
pos_753	pos_753
pos_753	pos_752
pos_753	pos_750
pos_753	pos_751
pos_755	pos_755
pos_756	pos_756
pos_757	pos_757
pos_758	pos_758
pos_759	pos_759
pos_760	pos_760
pos_761	pos_761
pos_762	pos_762
pos_763	pos_763
pos_764	pos_764
pos_765	pos_765
pos_766	pos_766
pos_768	pos_768
pos_769	pos_769
pos_770	pos_770
pos_771	pos_771
pos_771	pos_772
pos_771	pos_773
pos_771	pos_774
pos_771	pos_775
pos_777	pos_777
pos_778	pos_778
pos_779	pos_779
pos_781	pos_781
pos_782	pos_782
pos_783	pos_783
pos_784	pos_784
pos_785	pos_785
pos_785	pos_885
pos_787	pos_787
pos_787	pos_754
pos_787	pos_786
pos_787	pos_789
pos_787	pos_790
pos_787	pos_791
pos_787	pos_424
pos_787	pos_425
pos_787	pos_788
pos_793	pos_793
pos_794	pos_794
pos_795	pos_795
pos_796	pos_796
pos_797	pos_797
pos_798	pos_798
pos_799	pos_799
pos_800	pos_800
pos_201	pos_201
pos_202	pos_202
pos_203	pos_203
pos_204	pos_204
pos_205	pos_205
pos_206	pos_206
pos_207	pos_207
pos_207	pos_391
pos_209	pos_209
pos_209	pos_208
pos_210	pos_210
pos_212	pos_212
pos_214	pos_214
pos_215	pos_215
pos_223	pos_223
pos_224	pos_224
pos_224	pos_197
pos_224	pos_222
pos_224	pos_859
pos_227	pos_227
pos_227	pos_216
pos_227	pos_219
pos_227	pos_225
pos_227	pos_220
pos_227	pos_226
pos_227	pos_228
pos_227	pos_229
pos_227	pos_230
pos_227	pos_231
pos_227	pos_233
pos_227	pos_235
pos_227	pos_237
pos_227	pos_217
pos_227	pos_238
pos_227	pos_240
pos_227	pos_242
pos_227	pos_861
pos_227	pos_243
pos_227	pos_244
pos_227	pos_246
pos_227	pos_247
pos_227	pos_248
pos_227	pos_249
pos_227	pos_250
pos_227	pos_255
pos_227	pos_318
pos_227	pos_335
pos_227	pos_598
pos_227	pos_776
pos_227	pos_860
pos_234	pos_234
pos_234	pos_232
pos_234	pos_236
pos_239	pos_239
pos_241	pos_241
pos_245	pos_245
pos_251	pos_251
pos_251	pos_164
pos_251	pos_166
pos_251	pos_178
pos_251	pos_252
pos_251	pos_792
pos_253	pos_253
pos_256	pos_256
pos_257	pos_257
pos_259	pos_259
pos_275	pos_275
pos_277	pos_277
pos_277	pos_276
pos_278	pos_278
pos_280	pos_280
pos_284	pos_284
pos_285	pos_285
pos_289	pos_289
pos_290	pos_290
pos_291	pos_291
pos_292	pos_292
pos_294	pos_294
pos_294	pos_293
pos_295	pos_295
pos_296	pos_296
pos_297	pos_297
pos_298	pos_298
pos_299	pos_299
pos_300	pos_300
pos_801	pos_801
pos_802	pos_802
pos_803	pos_803
pos_804	pos_804
pos_805	pos_805
pos_806	pos_806
pos_807	pos_807
pos_807	pos_55
pos_807	pos_56
pos_807	pos_59
pos_807	pos_58
pos_807	pos_394
pos_807	pos_414
pos_807	pos_415
pos_807	pos_419
pos_807	pos_484
pos_807	pos_418
pos_808	pos_808
pos_810	pos_810
pos_811	pos_811
pos_811	pos_1
pos_812	pos_812
pos_813	pos_813
pos_814	pos_814
pos_815	pos_815
pos_816	pos_816
pos_817	pos_817
pos_817	pos_345
pos_820	pos_820
pos_821	pos_821
pos_822	pos_822
pos_823	pos_823
pos_824	pos_824
pos_825	pos_825
pos_826	pos_826
pos_827	pos_827
pos_828	pos_828
pos_829	pos_829
pos_830	pos_830
pos_831	pos_831
pos_832	pos_832
pos_833	pos_833
pos_834	pos_834
pos_835	pos_835
pos_836	pos_836
pos_837	pos_837
pos_838	pos_838
pos_838	pos_2
pos_838	pos_488
pos_838	pos_609
pos_839	pos_839
pos_839	pos_616
pos_840	pos_840
pos_840	pos_841
pos_842	pos_842
pos_843	pos_843
pos_844	pos_844
pos_845	pos_845
pos_846	pos_846
pos_847	pos_847
pos_847	pos_88
pos_848	pos_848
pos_849	pos_849
pos_850	pos_850
pos_850	pos_851
pos_852	pos_852
pos_853	pos_853
pos_854	pos_854
pos_855	pos_855
pos_856	pos_856
pos_857	pos_857
pos_858	pos_858
pos_862	pos_862
pos_863	pos_863
pos_864	pos_864
pos_865	pos_865
pos_866	pos_866
pos_867	pos_867
pos_868	pos_868
pos_869	pos_869
pos_870	pos_870
pos_871	pos_871
pos_872	pos_872
pos_873	pos_873
pos_874	pos_874
pos_875	pos_875
pos_876	pos_876
pos_876	pos_877
pos_876	pos_878
pos_879	pos_879
pos_880	pos_880
pos_881	pos_881
pos_884	pos_884
pos_884	pos_780
pos_884	pos_899
pos_887	pos_887
pos_887	pos_886
pos_888	pos_888
pos_889	pos_889
pos_892	pos_892
pos_893	pos_893
pos_894	pos_894
pos_895	pos_895
pos_896	pos_896
pos_897	pos_897
pos_898	pos_898
pos_501	pos_501
pos_501	pos_500
pos_502	pos_502
pos_502	pos_497
pos_502	pos_503
pos_504	pos_504
pos_505	pos_505
pos_506	pos_506
pos_507	pos_507
pos_508	pos_508
pos_509	pos_509
pos_510	pos_510
pos_511	pos_511
pos_512	pos_512
pos_513	pos_513
pos_514	pos_514
pos_516	pos_516
pos_516	pos_515
pos_517	pos_517
pos_517	pos_211
pos_519	pos_519
pos_519	pos_518
pos_519	pos_520
pos_522	pos_522
pos_522	pos_521
pos_524	pos_524
pos_524	pos_523
pos_525	pos_525
pos_526	pos_526
pos_527	pos_527
pos_528	pos_528
pos_529	pos_529
pos_530	pos_530
pos_530	pos_531
pos_530	pos_552
pos_532	pos_532
pos_533	pos_533
pos_534	pos_534
pos_534	pos_535
pos_534	pos_536
pos_534	pos_539
pos_538	pos_538
pos_541	pos_541
pos_545	pos_545
pos_545	pos_426
pos_545	pos_537
pos_545	pos_540
pos_545	pos_542
pos_545	pos_543
pos_545	pos_544
pos_545	pos_546
pos_545	pos_614
pos_545	pos_620
pos_547	pos_547
pos_553	pos_553
pos_554	pos_554
pos_555	pos_555
pos_556	pos_556
pos_558	pos_558
pos_558	pos_557
pos_560	pos_560
pos_560	pos_559
pos_560	pos_561
pos_560	pos_562
pos_560	pos_563
pos_560	pos_606
pos_564	pos_564
pos_565	pos_565
pos_566	pos_566
pos_567	pos_567
pos_569	pos_569
pos_571	pos_571
pos_571	pos_346
pos_571	pos_568
pos_571	pos_818
pos_572	pos_572
pos_572	pos_288
pos_572	pos_570
pos_572	pos_573
pos_572	pos_574
pos_575	pos_575
pos_576	pos_576
pos_578	pos_578
pos_578	pos_577
pos_579	pos_579
pos_580	pos_580
pos_581	pos_581
pos_582	pos_582
pos_583	pos_583
pos_584	pos_584
pos_585	pos_585
pos_585	pos_913
pos_586	pos_586
pos_587	pos_587
pos_588	pos_588
pos_589	pos_589
pos_590	pos_590
pos_591	pos_591
pos_592	pos_592
pos_593	pos_593
pos_594	pos_594
pos_596	pos_596
pos_596	pos_809
pos_596	pos_595
pos_597	pos_597
pos_599	pos_599
pos_600	pos_600
pos_103	pos_103
pos_104	pos_104
pos_105	pos_105
pos_106	pos_106
pos_106	pos_108
pos_106	pos_107
pos_109	pos_109
pos_110	pos_110
pos_111	pos_111
pos_116	pos_116
pos_119	pos_119
pos_120	pos_120
pos_120	pos_112
pos_120	pos_113
pos_120	pos_114
pos_120	pos_115
pos_120	pos_117
pos_120	pos_118
pos_120	pos_662
pos_121	pos_121
pos_123	pos_123
pos_123	pos_122
pos_124	pos_124
pos_125	pos_125
pos_126	pos_126
pos_128	pos_128
pos_129	pos_129
pos_130	pos_130
pos_131	pos_131
pos_132	pos_132
pos_134	pos_134
pos_143	pos_143
pos_144	pos_144
pos_146	pos_146
pos_146	pos_135
pos_146	pos_136
pos_146	pos_138
pos_146	pos_139
pos_146	pos_140
pos_146	pos_141
pos_146	pos_145
pos_146	pos_696
pos_146	pos_137
pos_146	pos_142
pos_146	pos_160
pos_146	pos_213
pos_147	pos_147
pos_148	pos_148
pos_149	pos_149
pos_150	pos_150
pos_151	pos_151
pos_152	pos_152
pos_152	pos_819
pos_153	pos_153
pos_154	pos_154
pos_155	pos_155
pos_156	pos_156
pos_156	pos_157
pos_158	pos_158
pos_159	pos_159
pos_161	pos_161
pos_162	pos_162
pos_162	pos_133
pos_163	pos_163
pos_165	pos_165
pos_167	pos_167
pos_168	pos_168
pos_170	pos_170
pos_170	pos_169
pos_170	pos_171
pos_172	pos_172
pos_173	pos_173
pos_174	pos_174
pos_175	pos_175
pos_176	pos_176
pos_177	pos_177
pos_179	pos_179
pos_180	pos_180
pos_181	pos_181
pos_181	pos_221
pos_181	pos_709
pos_182	pos_182
pos_183	pos_183
pos_184	pos_184
pos_185	pos_185
pos_186	pos_186
pos_187	pos_187
pos_188	pos_188
pos_189	pos_189
pos_190	pos_190
pos_191	pos_191
pos_192	pos_192
pos_193	pos_193
pos_195	pos_195
pos_195	pos_194
pos_196	pos_196
pos_198	pos_198
pos_199	pos_199
pos_200	pos_200
pos_301	pos_301
pos_302	pos_302
pos_303	pos_303
pos_304	pos_304
pos_305	pos_305
pos_306	pos_306
pos_307	pos_307
pos_308	pos_308
pos_311	pos_311
pos_311	pos_310
pos_311	pos_309
pos_312	pos_312
pos_313	pos_313
pos_314	pos_314
pos_315	pos_315
pos_316	pos_316
pos_317	pos_317
pos_319	pos_319
pos_322	pos_322
pos_323	pos_323
pos_325	pos_325
pos_325	pos_324
pos_325	pos_326
pos_327	pos_327
pos_329	pos_329
pos_329	pos_328
pos_330	pos_330
pos_331	pos_331
pos_333	pos_333
pos_334	pos_334
pos_336	pos_336
pos_336	pos_102
pos_336	pos_101
pos_338	pos_338
pos_339	pos_339
pos_340	pos_340
pos_341	pos_341
pos_342	pos_342
pos_343	pos_343
pos_344	pos_344
pos_348	pos_348
pos_349	pos_349
pos_350	pos_350
pos_351	pos_351
pos_352	pos_352
pos_353	pos_353
pos_354	pos_354
pos_355	pos_355
pos_356	pos_356
pos_357	pos_357
pos_358	pos_358
pos_359	pos_359
pos_360	pos_360
pos_361	pos_361
pos_362	pos_362
pos_363	pos_363
pos_364	pos_364
pos_365	pos_365
pos_366	pos_366
pos_367	pos_367
pos_367	pos_87
pos_367	pos_254
pos_368	pos_368
pos_369	pos_369
pos_370	pos_370
pos_371	pos_371
pos_372	pos_372
pos_373	pos_373
pos_374	pos_374
pos_375	pos_375
pos_376	pos_376
pos_377	pos_377
pos_378	pos_378
pos_379	pos_379
pos_380	pos_380
pos_381	pos_381
pos_382	pos_382
pos_383	pos_383
pos_385	pos_385
pos_385	pos_384
pos_387	pos_387
pos_388	pos_388
pos_388	pos_386
pos_388	pos_882
pos_390	pos_390
pos_392	pos_392
pos_393	pos_393
pos_395	pos_395
pos_398	pos_398
pos_398	pos_397
pos_399	pos_399
pos_400	pos_400
pos_902	pos_902
pos_904	pos_904
pos_905	pos_905
pos_906	pos_906
pos_907	pos_907
pos_907	pos_260
pos_907	pos_262
pos_907	pos_265
pos_907	pos_267
pos_907	pos_268
pos_907	pos_269
pos_907	pos_272
pos_907	pos_287
pos_907	pos_548
pos_907	pos_549
pos_907	pos_261
pos_907	pos_263
pos_907	pos_264
pos_907	pos_266
pos_907	pos_270
pos_907	pos_271
pos_907	pos_273
pos_907	pos_274
pos_907	pos_282
pos_907	pos_283
pos_907	pos_281
pos_907	pos_286
pos_907	pos_258
pos_907	pos_332
pos_907	pos_550
pos_907	pos_551
pos_908	pos_908
pos_909	pos_909
pos_912	pos_912
pos_914	pos_914
pos_914	pos_900
pos_915	pos_915
pos_915	pos_901
pos_916	pos_916
pos_917	pos_917
pos_919	pos_919
pos_919	pos_891
pos_919	pos_918
pos_920	pos_920
pos_920	pos_923
pos_921	pos_921
pos_922	pos_922
pos_924	pos_924
pos_925	pos_925
pos_926	pos_926
pos_927	pos_927
pos_928	pos_928
pos_929	pos_929
pos_930	pos_930
pos_930	pos_935
pos_930	pos_934
pos_933	pos_933
pos_933	pos_931
pos_933	pos_936
pos_933	pos_932
pos_933	pos_938
pos_937	pos_937
pos_939	pos_939
pos_940	pos_940
pos_943	pos_943
pos_944	pos_944
pos_944	pos_942
pos_944	pos_941
pos_946	pos_946
pos_946	pos_945
pos_947	pos_947
pos_948	pos_948
pos_951	pos_951
pos_951	pos_949
pos_951	pos_950
pos_951	pos_952
pos_953	pos_953
pos_954	pos_954
pos_954	pos_468
pos_3	pos_3
pos_4	pos_4
pos_5	pos_5
pos_6	pos_6
pos_7	pos_7
pos_8	pos_8
pos_10	pos_10
pos_11	pos_11
pos_12	pos_12
pos_13	pos_13
pos_14	pos_14
pos_15	pos_15
pos_17	pos_17
pos_18	pos_18
pos_18	pos_16
pos_18	pos_9
pos_19	pos_19
pos_20	pos_20
pos_21	pos_21
pos_23	pos_23
pos_25	pos_25
pos_25	pos_24
pos_26	pos_26
pos_28	pos_28
pos_29	pos_29
pos_30	pos_30
pos_31	pos_31
pos_32	pos_32
pos_33	pos_33
pos_34	pos_34
pos_34	pos_22
pos_34	pos_675
pos_35	pos_35
pos_36	pos_36
pos_37	pos_37
pos_38	pos_38
pos_39	pos_39
pos_40	pos_40
pos_41	pos_41
pos_42	pos_42
pos_43	pos_43
pos_44	pos_44
pos_45	pos_45
pos_46	pos_46
pos_47	pos_47
pos_48	pos_48
pos_49	pos_49
pos_50	pos_50
pos_51	pos_51
pos_52	pos_52
pos_53	pos_53
pos_60	pos_60
pos_61	pos_61
pos_62	pos_62
pos_62	pos_63
pos_62	pos_64
pos_65	pos_65
pos_66	pos_66
pos_67	pos_67
pos_68	pos_68
pos_69	pos_69
pos_70	pos_70
pos_71	pos_71
pos_72	pos_72
pos_76	pos_76
pos_77	pos_77
pos_79	pos_79
pos_79	pos_83
pos_79	pos_84
pos_79	pos_644
pos_80	pos_80
pos_80	pos_78
pos_85	pos_85
pos_86	pos_86
pos_89	pos_89
pos_90	pos_90
pos_90	pos_73
pos_91	pos_91
pos_91	pos_74
pos_92	pos_92
pos_92	pos_75
pos_93	pos_93
pos_94	pos_94
pos_95	pos_95
pos_96	pos_96
pos_97	pos_97
pos_98	pos_98
pos_99	pos_99
pos_100	pos_100
pos_401	pos_401
pos_402	pos_402
pos_403	pos_403
pos_404	pos_404
pos_406	pos_406
pos_407	pos_407
pos_408	pos_408
pos_409	pos_409
pos_410	pos_410
pos_411	pos_411
pos_412	pos_412
pos_412	pos_478
pos_412	pos_480
pos_412	pos_57
pos_412	pos_417
pos_412	pos_405
pos_412	pos_481
pos_412	pos_479
pos_413	pos_413
pos_413	pos_54
pos_416	pos_416
pos_416	pos_396
pos_421	pos_421
pos_422	pos_422
pos_423	pos_423
pos_428	pos_428
pos_428	pos_427
pos_429	pos_429
pos_430	pos_430
pos_431	pos_431
pos_431	pos_389
pos_431	pos_432
pos_433	pos_433
pos_434	pos_434
pos_435	pos_435
pos_436	pos_436
pos_437	pos_437
pos_438	pos_438
pos_439	pos_439
pos_441	pos_441
pos_442	pos_442
pos_443	pos_443
pos_443	pos_680
pos_445	pos_445
pos_446	pos_446
pos_447	pos_447
pos_448	pos_448
pos_448	pos_279
pos_449	pos_449
pos_450	pos_450
pos_458	pos_458
pos_467	pos_467
pos_470	pos_470
pos_471	pos_471
pos_472	pos_472
pos_473	pos_473
pos_475	pos_475
pos_475	pos_474
pos_476	pos_476
pos_477	pos_477
pos_482	pos_482
pos_483	pos_483
pos_485	pos_485
pos_486	pos_486
pos_486	pos_420
pos_487	pos_487
pos_489	pos_489
pos_490	pos_490
pos_491	pos_491
pos_492	pos_492
pos_493	pos_493
pos_493	pos_494
pos_493	pos_911
pos_495	pos_495
pos_495	pos_452
pos_495	pos_453
pos_495	pos_451
pos_495	pos_454
pos_495	pos_455
pos_495	pos_456
pos_495	pos_457
pos_495	pos_459
pos_495	pos_460
pos_495	pos_461
pos_495	pos_462
pos_495	pos_463
pos_495	pos_464
pos_495	pos_465
pos_495	pos_466
pos_495	pos_469
pos_495	pos_910
pos_495	pos_955
pos_496	pos_496
pos_498	pos_498
pos_499	pos_499
pos_601	pos_601
pos_602	pos_602
pos_603	pos_603
pos_604	pos_604
pos_605	pos_605
pos_605	pos_321
pos_607	pos_607
pos_608	pos_608
pos_611	pos_611
pos_611	pos_610
pos_611	pos_613
pos_612	pos_612
pos_615	pos_615
pos_615	pos_883
pos_617	pos_617
pos_618	pos_618
pos_619	pos_619
pos_624	pos_624
pos_625	pos_625
pos_625	pos_622
pos_625	pos_337
pos_625	pos_621
pos_625	pos_623
pos_626	pos_626
pos_627	pos_627
pos_629	pos_629
pos_629	pos_628
pos_630	pos_630
pos_632	pos_632
pos_632	pos_631
pos_633	pos_633
pos_634	pos_634
pos_635	pos_635
pos_636	pos_636
pos_636	pos_347
pos_636	pos_903
pos_636	pos_646
pos_637	pos_637
pos_638	pos_638
pos_639	pos_639
pos_640	pos_640
pos_641	pos_641
pos_641	pos_81
pos_642	pos_642
pos_642	pos_82
pos_643	pos_643
pos_645	pos_645
pos_645	pos_767
pos_647	pos_647
pos_648	pos_648
pos_649	pos_649
pos_650	pos_650
pos_651	pos_651
pos_651	pos_652
pos_651	pos_653
pos_651	pos_672
pos_651	pos_890
pos_655	pos_655
pos_655	pos_654
pos_656	pos_656
pos_656	pos_440
pos_656	pos_320
pos_657	pos_657
pos_658	pos_658
pos_659	pos_659
pos_660	pos_660
pos_661	pos_661
pos_663	pos_663
pos_664	pos_664
pos_665	pos_665
pos_666	pos_666
pos_667	pos_667
pos_668	pos_668
pos_669	pos_669
pos_670	pos_670
pos_671	pos_671
pos_673	pos_673
pos_674	pos_674
pos_676	pos_676
pos_677	pos_677
pos_678	pos_678
pos_679	pos_679
pos_683	pos_683
pos_683	pos_684
pos_683	pos_681
pos_683	pos_444
pos_683	pos_682
pos_685	pos_685
pos_686	pos_686
pos_687	pos_687
pos_688	pos_688
pos_689	pos_689
pos_691	pos_691
pos_691	pos_690
pos_692	pos_692
pos_693	pos_693
pos_694	pos_694
pos_695	pos_695
pos_697	pos_697
