A9CMS5	A9CMS5
A9CMS7	A9CMS7
A9CMS9	A9CMS9
C7A8Q2	C7A8Q2
C7A8Q2	C1KG14
C7A8Q2	B3U002
C7A8Q2	C7A8L3
C7A8Q2	C7A8L4
C7A8Q2	C7A8L5
C7A8Q2	C7A8L6
C7A8Q2	C7A8L7
C7A8Q2	C7A8L8
C7A8Q2	C7A8L9
C7A8Q2	C7A8M0
C7A8Q2	C7A8M1
C7A8Q2	C7A8M2
C7A8Q2	C7A8M3
C7A8Q2	C7A8M4
C7A8Q2	C7A8M5
C7A8Q2	C7A8M6
C7A8Q2	C7A8M7
C7A8Q2	C7A8M8
C7A8Q2	C7A8M9
C7A8Q2	C7A8N0
C7A8Q2	C7A8N1
C7A8Q2	C7A8N3
C7A8Q2	C7A8N6
C7A8Q2	C7A8N7
C7A8Q2	C7A8N9
C7A8Q2	C7A8P0
C7A8Q2	C7A8Q0
C7A8Q2	C7A8Q1
C7A8Q2	C7A8Q3
C7A8Q2	C7A8Q5
C7A8Q2	C7A8Q7
C7A8Q2	C7A8Q8
C7A8Q2	C7A8Q9
C7A8Q2	C7A8R0
C7A8Q2	C7A8R5
C7A8Q2	C7A8R6
C7A8Q2	C7A8R7
C7A8Q2	C7A8S0
C7A8Q2	C7A8S1
C7A8Q2	C7A8S3
C7A8Q2	C7A8T0
C7A8Q2	C7A8T1
C7A8Q2	C7A8T2
C7A8Q2	C7A8T3
C7A8Q2	C7A8T4
C7A8Q2	C7A8T5
C7A8Q2	C7AU47
C7A8Q2	C7AU48
C7A8Q2	C7A8P1
C7A8Q2	C7A8P5
C7A8Q2	C7A8P7
C7A8Q2	C7A8S6
C7A8Q2	C7A8S7
C7A8Q2	C7A8S9
C7A8Q2	C7A8N2
C7A8Q2	C7A8P4
C7A8Q2	C7A8N4
C7A8Q2	C7A8N5
C7A8Q2	C7A8P3
C7A8Q2	C7A8P6
C7A8Q2	C7A8P8
C7A8Q2	C7A8P9
C7A8Q2	C7A8Q4
C7A8Q2	C7A8Q6
C7A8Q2	C7A8R1
C7A8Q2	C7A8R2
C7A8Q2	C7A8R3
C7A8Q2	C7A8R4
C7A8Q2	C7A8R8
C7A8Q2	C7A8R9
C7A8Q2	C7A8S5
C7A8Q2	C7A8S8
C7A8S4	C7A8S4
