"Sequence","Description","Ligand","Data","Units","Assay/Protocol"
"ATYKLILNGKTLKGETTTEAVDAATAEKVFKQYANDNGVDGEWTYDDATKTFTVTE","M01A","","0.1407","kcal/mol","ddG(mAvg)_mean"
"DTYKLILNGKTLKGETTTEAVDAATAEKVFKQYANDNGVDGEWTYDDATKTFTVTE","M01D","","0.3795","kcal/mol","ddG(mAvg)_mean"
"ETYKLILNGKTLKGETTTEAVDAATAEKVFKQYANDNGVDGEWTYDDATKTFTVTE","M01E","","0.6414","kcal/mol","ddG(mAvg)_mean"
"FTYKLILNGKTLKGETTTEAVDAATAEKVFKQYANDNGVDGEWTYDDATKTFTVTE","M01F","","1.137","kcal/mol","ddG(mAvg)_mean"
"GTYKLILNGKTLKGETTTEAVDAATAEKVFKQYANDNGVDGEWTYDDATKTFTVTE","M01G","","0.3016","kcal/mol","ddG(mAvg)_mean"
"HTYKLILNGKTLKGETTTEAVDAATAEKVFKQYANDNGVDGEWTYDDATKTFTVTE","M01H","","0.6688","kcal/mol","ddG(mAvg)_mean"
"ITYKLILNGKTLKGETTTEAVDAATAEKVFKQYANDNGVDGEWTYDDATKTFTVTE","M01I","","0.4292","kcal/mol","ddG(mAvg)_mean"
"KTYKLILNGKTLKGETTTEAVDAATAEKVFKQYANDNGVDGEWTYDDATKTFTVTE","M01K","","0.2732","kcal/mol","ddG(mAvg)_mean"
"LTYKLILNGKTLKGETTTEAVDAATAEKVFKQYANDNGVDGEWTYDDATKTFTVTE","M01L","","0.4573","kcal/mol","ddG(mAvg)_mean"
"MAYKLILNGKTLKGETTTEAVDAATAEKVFKQYANDNGVDGEWTYDDATKTFTVTE","T02A","","-0.4704","kcal/mol","ddG(mAvg)_mean"
"MDYKLILNGKTLKGETTTEAVDAATAEKVFKQYANDNGVDGEWTYDDATKTFTVTE","T02D","","-0.5538","kcal/mol","ddG(mAvg)_mean"
"MEYKLILNGKTLKGETTTEAVDAATAEKVFKQYANDNGVDGEWTYDDATKTFTVTE","T02E","","0.1299","kcal/mol","ddG(mAvg)_mean"
"MFYKLILNGKTLKGETTTEAVDAATAEKVFKQYANDNGVDGEWTYDDATKTFTVTE","T02F","","0.3008","kcal/mol","ddG(mAvg)_mean"
"MGYKLILNGKTLKGETTTEAVDAATAEKVFKQYANDNGVDGEWTYDDATKTFTVTE","T02G","","-0.668","kcal/mol","ddG(mAvg)_mean"
"MHYKLILNGKTLKGETTTEAVDAATAEKVFKQYANDNGVDGEWTYDDATKTFTVTE","T02H","","-0.1303","kcal/mol","ddG(mAvg)_mean"
"MIYKLILNGKTLKGETTTEAVDAATAEKVFKQYANDNGVDGEWTYDDATKTFTVTE","T02I","","1.004","kcal/mol","ddG(mAvg)_mean"
"MKYKLILNGKTLKGETTTEAVDAATAEKVFKQYANDNGVDGEWTYDDATKTFTVTE","T02K","","0.305","kcal/mol","ddG(mAvg)_mean"
"MLYKLILNGKTLKGETTTEAVDAATAEKVFKQYANDNGVDGEWTYDDATKTFTVTE","T02L","","0.5417","kcal/mol","ddG(mAvg)_mean"
"MMYKLILNGKTLKGETTTEAVDAATAEKVFKQYANDNGVDGEWTYDDATKTFTVTE","T02M","","1.002","kcal/mol","ddG(mAvg)_mean"
"MNYKLILNGKTLKGETTTEAVDAATAEKVFKQYANDNGVDGEWTYDDATKTFTVTE","T02N","","-0.1427","kcal/mol","ddG(mAvg)_mean"
"MPYKLILNGKTLKGETTTEAVDAATAEKVFKQYANDNGVDGEWTYDDATKTFTVTE","T02P","","-0.2721","kcal/mol","ddG(mAvg)_mean"
"MQYKLILNGKTLKGETTTEAVDAATAEKVFKQYANDNGVDGEWTYDDATKTFTVTE","T02Q","","0.3391","kcal/mol","ddG(mAvg)_mean"
"MRYKLILNGKTLKGETTTEAVDAATAEKVFKQYANDNGVDGEWTYDDATKTFTVTE","T02R","","0.09091","kcal/mol","ddG(mAvg)_mean"
"MSYKLILNGKTLKGETTTEAVDAATAEKVFKQYANDNGVDGEWTYDDATKTFTVTE","T02S","","0.05817","kcal/mol","ddG(mAvg)_mean"
"MTAKLILNGKTLKGETTTEAVDAATAEKVFKQYANDNGVDGEWTYDDATKTFTVTE","Y03A","","-4","kcal/mol","ddG(mAvg)_mean"
"MTDKLILNGKTLKGETTTEAVDAATAEKVFKQYANDNGVDGEWTYDDATKTFTVTE","Y03D","","-4","kcal/mol","ddG(mAvg)_mean"
"MTEKLILNGKTLKGETTTEAVDAATAEKVFKQYANDNGVDGEWTYDDATKTFTVTE","Y03E","","-4","kcal/mol","ddG(mAvg)_mean"
"MTFKLILNGKTLKGETTTEAVDAATAEKVFKQYANDNGVDGEWTYDDATKTFTVTE","Y03F","","0.5499","kcal/mol","ddG(mAvg)_mean"
"MTGKLILNGKTLKGETTTEAVDAATAEKVFKQYANDNGVDGEWTYDDATKTFTVTE","Y03G","","-1.442","kcal/mol","ddG(mAvg)_mean"
"MTHKLILNGKTLKGETTTEAVDAATAEKVFKQYANDNGVDGEWTYDDATKTFTVTE","Y03H","","-4","kcal/mol","ddG(mAvg)_mean"
"MTIKLILNGKTLKGETTTEAVDAATAEKVFKQYANDNGVDGEWTYDDATKTFTVTE","Y03I","","-3.293","kcal/mol","ddG(mAvg)_mean"
"MTKKLILNGKTLKGETTTEAVDAATAEKVFKQYANDNGVDGEWTYDDATKTFTVTE","Y03K","","0.8849","kcal/mol","ddG(mAvg)_mean"
"MTLKLILNGKTLKGETTTEAVDAATAEKVFKQYANDNGVDGEWTYDDATKTFTVTE","Y03L","","-3.308","kcal/mol","ddG(mAvg)_mean"
"MTMKLILNGKTLKGETTTEAVDAATAEKVFKQYANDNGVDGEWTYDDATKTFTVTE","Y03M","","-2.602","kcal/mol","ddG(mAvg)_mean"
"MTNKLILNGKTLKGETTTEAVDAATAEKVFKQYANDNGVDGEWTYDDATKTFTVTE","Y03N","","-4","kcal/mol","ddG(mAvg)_mean"
"MTPKLILNGKTLKGETTTEAVDAATAEKVFKQYANDNGVDGEWTYDDATKTFTVTE","Y03P","","-4","kcal/mol","ddG(mAvg)_mean"
"MTQKLILNGKTLKGETTTEAVDAATAEKVFKQYANDNGVDGEWTYDDATKTFTVTE","Y03Q","","-4","kcal/mol","ddG(mAvg)_mean"
"MTRKLILNGKTLKGETTTEAVDAATAEKVFKQYANDNGVDGEWTYDDATKTFTVTE","Y03R","","-1.22","kcal/mol","ddG(mAvg)_mean"
"MTSKLILNGKTLKGETTTEAVDAATAEKVFKQYANDNGVDGEWTYDDATKTFTVTE","Y03S","","-4","kcal/mol","ddG(mAvg)_mean"
"MTTKLILNGKTLKGETTTEAVDAATAEKVFKQYANDNGVDGEWTYDDATKTFTVTE","Y03T","","-4","kcal/mol","ddG(mAvg)_mean"
"MTVKLILNGKTLKGETTTEAVDAATAEKVFKQYANDNGVDGEWTYDDATKTFTVTE","Y03V","","-4","kcal/mol","ddG(mAvg)_mean"
"MTYALILNGKTLKGETTTEAVDAATAEKVFKQYANDNGVDGEWTYDDATKTFTVTE","K04A","","-0.3378","kcal/mol","ddG(mAvg)_mean"
"MTYDLILNGKTLKGETTTEAVDAATAEKVFKQYANDNGVDGEWTYDDATKTFTVTE","K04D","","-2.054","kcal/mol","ddG(mAvg)_mean"
"MTYELILNGKTLKGETTTEAVDAATAEKVFKQYANDNGVDGEWTYDDATKTFTVTE","K04E","","-1.356","kcal/mol","ddG(mAvg)_mean"
"MTYFLILNGKTLKGETTTEAVDAATAEKVFKQYANDNGVDGEWTYDDATKTFTVTE","K04F","","1.04","kcal/mol","ddG(mAvg)_mean"
"MTYGLILNGKTLKGETTTEAVDAATAEKVFKQYANDNGVDGEWTYDDATKTFTVTE","K04G","","-1.228","kcal/mol","ddG(mAvg)_mean"
"MTYHLILNGKTLKGETTTEAVDAATAEKVFKQYANDNGVDGEWTYDDATKTFTVTE","K04H","","0.7357","kcal/mol","ddG(mAvg)_mean"
"MTYILILNGKTLKGETTTEAVDAATAEKVFKQYANDNGVDGEWTYDDATKTFTVTE","K04I","","1.082","kcal/mol","ddG(mAvg)_mean"
"MTYKAILNGKTLKGETTTEAVDAATAEKVFKQYANDNGVDGEWTYDDATKTFTVTE","L05A","","-2.013","kcal/mol","ddG(mAvg)_mean"
"MTYKDILNGKTLKGETTTEAVDAATAEKVFKQYANDNGVDGEWTYDDATKTFTVTE","L05D","","-4","kcal/mol","ddG(mAvg)_mean"
"MTYKEILNGKTLKGETTTEAVDAATAEKVFKQYANDNGVDGEWTYDDATKTFTVTE","L05E","","-4","kcal/mol","ddG(mAvg)_mean"
"MTYKFILNGKTLKGETTTEAVDAATAEKVFKQYANDNGVDGEWTYDDATKTFTVTE","L05F","","-0.4703","kcal/mol","ddG(mAvg)_mean"
"MTYKGILNGKTLKGETTTEAVDAATAEKVFKQYANDNGVDGEWTYDDATKTFTVTE","L05G","","-4","kcal/mol","ddG(mAvg)_mean"
"MTYKHILNGKTLKGETTTEAVDAATAEKVFKQYANDNGVDGEWTYDDATKTFTVTE","L05H","","-4","kcal/mol","ddG(mAvg)_mean"
"MTYKIILNGKTLKGETTTEAVDAATAEKVFKQYANDNGVDGEWTYDDATKTFTVTE","L05I","","-1.341","kcal/mol","ddG(mAvg)_mean"
"MTYKKILNGKTLKGETTTEAVDAATAEKVFKQYANDNGVDGEWTYDDATKTFTVTE","L05K","","-4","kcal/mol","ddG(mAvg)_mean"
"MTYKLALNGKTLKGETTTEAVDAATAEKVFKQYANDNGVDGEWTYDDATKTFTVTE","I06A","","-1.252","kcal/mol","ddG(mAvg)_mean"
"MTYKLDLNGKTLKGETTTEAVDAATAEKVFKQYANDNGVDGEWTYDDATKTFTVTE","I06D","","-1.965","kcal/mol","ddG(mAvg)_mean"
"MTYKLELNGKTLKGETTTEAVDAATAEKVFKQYANDNGVDGEWTYDDATKTFTVTE","I06E","","-1.028","kcal/mol","ddG(mAvg)_mean"
"MTYKLFLNGKTLKGETTTEAVDAATAEKVFKQYANDNGVDGEWTYDDATKTFTVTE","I06F","","-0.1041","kcal/mol","ddG(mAvg)_mean"
"MTYKLGLNGKTLKGETTTEAVDAATAEKVFKQYANDNGVDGEWTYDDATKTFTVTE","I06G","","-3.076","kcal/mol","ddG(mAvg)_mean"
"MTYKLHLNGKTLKGETTTEAVDAATAEKVFKQYANDNGVDGEWTYDDATKTFTVTE","I06H","","-1.059","kcal/mol","ddG(mAvg)_mean"
"MTYKLIANGKTLKGETTTEAVDAATAEKVFKQYANDNGVDGEWTYDDATKTFTVTE","L07A","","-1.404","kcal/mol","ddG(mAvg)_mean"
"MTYKLIDNGKTLKGETTTEAVDAATAEKVFKQYANDNGVDGEWTYDDATKTFTVTE","L07D","","-3.108","kcal/mol","ddG(mAvg)_mean"
"MTYKLIENGKTLKGETTTEAVDAATAEKVFKQYANDNGVDGEWTYDDATKTFTVTE","L07E","","-2.786","kcal/mol","ddG(mAvg)_mean"
"MTYKLIFNGKTLKGETTTEAVDAATAEKVFKQYANDNGVDGEWTYDDATKTFTVTE","L07F","","0.2555","kcal/mol","ddG(mAvg)_mean"
"MTYKLIGNGKTLKGETTTEAVDAATAEKVFKQYANDNGVDGEWTYDDATKTFTVTE","L07G","","-4","kcal/mol","ddG(mAvg)_mean"
"MTYKLIHNGKTLKGETTTEAVDAATAEKVFKQYANDNGVDGEWTYDDATKTFTVTE","L07H","","-1.591","kcal/mol","ddG(mAvg)_mean"
"MTYKLIINGKTLKGETTTEAVDAATAEKVFKQYANDNGVDGEWTYDDATKTFTVTE","L07I","","0.9735","kcal/mol","ddG(mAvg)_mean"
"MTYKLIKNGKTLKGETTTEAVDAATAEKVFKQYANDNGVDGEWTYDDATKTFTVTE","L07K","","-2.762","kcal/mol","ddG(mAvg)_mean"
"MTYKLILAGKTLKGETTTEAVDAATAEKVFKQYANDNGVDGEWTYDDATKTFTVTE","N08A","","-0.2819","kcal/mol","ddG(mAvg)_mean"
"MTYKLILDGKTLKGETTTEAVDAATAEKVFKQYANDNGVDGEWTYDDATKTFTVTE","N08D","","0.1878","kcal/mol","ddG(mAvg)_mean"
"MTYKLILEGKTLKGETTTEAVDAATAEKVFKQYANDNGVDGEWTYDDATKTFTVTE","N08E","","-0.007481","kcal/mol","ddG(mAvg)_mean"
"MTYKLILFGKTLKGETTTEAVDAATAEKVFKQYANDNGVDGEWTYDDATKTFTVTE","N08F","","0.3487","kcal/mol","ddG(mAvg)_mean"
"MTYKLILGGKTLKGETTTEAVDAATAEKVFKQYANDNGVDGEWTYDDATKTFTVTE","N08G","","-0.8506","kcal/mol","ddG(mAvg)_mean"
"MTYKLILHGKTLKGETTTEAVDAATAEKVFKQYANDNGVDGEWTYDDATKTFTVTE","N08H","","0.2423","kcal/mol","ddG(mAvg)_mean"
"MTYKLILIGKTLKGETTTEAVDAATAEKVFKQYANDNGVDGEWTYDDATKTFTVTE","N08I","","0.5593","kcal/mol","ddG(mAvg)_mean"
"MTYKLILKGKTLKGETTTEAVDAATAEKVFKQYANDNGVDGEWTYDDATKTFTVTE","N08K","","0.4528","kcal/mol","ddG(mAvg)_mean"
"MTYKLILLGKTLKGETTTEAVDAATAEKVFKQYANDNGVDGEWTYDDATKTFTVTE","N08L","","0.9527","kcal/mol","ddG(mAvg)_mean"
"MTYKLILMGKTLKGETTTEAVDAATAEKVFKQYANDNGVDGEWTYDDATKTFTVTE","N08M","","0.3651","kcal/mol","ddG(mAvg)_mean"
"MTYKLILNAKTLKGETTTEAVDAATAEKVFKQYANDNGVDGEWTYDDATKTFTVTE","G09A","","-0.2526","kcal/mol","ddG(mAvg)_mean"
"MTYKLILNDKTLKGETTTEAVDAATAEKVFKQYANDNGVDGEWTYDDATKTFTVTE","G09D","","-2.502","kcal/mol","ddG(mAvg)_mean"
"MTYKLILNEKTLKGETTTEAVDAATAEKVFKQYANDNGVDGEWTYDDATKTFTVTE","G09E","","-1.997","kcal/mol","ddG(mAvg)_mean"
"MTYKLILNFKTLKGETTTEAVDAATAEKVFKQYANDNGVDGEWTYDDATKTFTVTE","G09F","","0.00246","kcal/mol","ddG(mAvg)_mean"
"MTYKLILNGATLKGETTTEAVDAATAEKVFKQYANDNGVDGEWTYDDATKTFTVTE","K10A","","0.2171","kcal/mol","ddG(mAvg)_mean"
"MTYKLILNGDTLKGETTTEAVDAATAEKVFKQYANDNGVDGEWTYDDATKTFTVTE","K10D","","-0.4953","kcal/mol","ddG(mAvg)_mean"
"MTYKLILNGETLKGETTTEAVDAATAEKVFKQYANDNGVDGEWTYDDATKTFTVTE","K10E","","0.5532","kcal/mol","ddG(mAvg)_mean"
"MTYKLILNGFTLKGETTTEAVDAATAEKVFKQYANDNGVDGEWTYDDATKTFTVTE","K10F","","0.223","kcal/mol","ddG(mAvg)_mean"
"MTYKLILNGGTLKGETTTEAVDAATAEKVFKQYANDNGVDGEWTYDDATKTFTVTE","K10G","","-0.3507","kcal/mol","ddG(mAvg)_mean"
"MTYKLILNGHTLKGETTTEAVDAATAEKVFKQYANDNGVDGEWTYDDATKTFTVTE","K10H","","0.1534","kcal/mol","ddG(mAvg)_mean"
"MTYKLILNGITLKGETTTEAVDAATAEKVFKQYANDNGVDGEWTYDDATKTFTVTE","K10I","","0.5619","kcal/mol","ddG(mAvg)_mean"
"MTYKLILNGKALKGETTTEAVDAATAEKVFKQYANDNGVDGEWTYDDATKTFTVTE","T11A","","0.2394","kcal/mol","ddG(mAvg)_mean"
"MTYKLILNGKDLKGETTTEAVDAATAEKVFKQYANDNGVDGEWTYDDATKTFTVTE","T11D","","0.4589","kcal/mol","ddG(mAvg)_mean"
"MTYKLILNGKELKGETTTEAVDAATAEKVFKQYANDNGVDGEWTYDDATKTFTVTE","T11E","","0.4625","kcal/mol","ddG(mAvg)_mean"
"MTYKLILNGKFLKGETTTEAVDAATAEKVFKQYANDNGVDGEWTYDDATKTFTVTE","T11F","","0.7639","kcal/mol","ddG(mAvg)_mean"
"MTYKLILNGKGLKGETTTEAVDAATAEKVFKQYANDNGVDGEWTYDDATKTFTVTE","T11G","","-0.01076","kcal/mol","ddG(mAvg)_mean"
"MTYKLILNGKHLKGETTTEAVDAATAEKVFKQYANDNGVDGEWTYDDATKTFTVTE","T11H","","0.4212","kcal/mol","ddG(mAvg)_mean"
"MTYKLILNGKILKGETTTEAVDAATAEKVFKQYANDNGVDGEWTYDDATKTFTVTE","T11I","","0.5619","kcal/mol","ddG(mAvg)_mean"
"MTYKLILNGKKLKGETTTEAVDAATAEKVFKQYANDNGVDGEWTYDDATKTFTVTE","T11K","","0.351","kcal/mol","ddG(mAvg)_mean"
"MTYKLILNGKLLKGETTTEAVDAATAEKVFKQYANDNGVDGEWTYDDATKTFTVTE","T11L","","0.3795","kcal/mol","ddG(mAvg)_mean"
"MTYKLILNGKMLKGETTTEAVDAATAEKVFKQYANDNGVDGEWTYDDATKTFTVTE","T11M","","0.3872","kcal/mol","ddG(mAvg)_mean"
"MTYKLILNGKNLKGETTTEAVDAATAEKVFKQYANDNGVDGEWTYDDATKTFTVTE","T11N","","0.1678","kcal/mol","ddG(mAvg)_mean"
"MTYKLILNGKPLKGETTTEAVDAATAEKVFKQYANDNGVDGEWTYDDATKTFTVTE","T11P","","-1.028","kcal/mol","ddG(mAvg)_mean"
"MTYKLILNGKQLKGETTTEAVDAATAEKVFKQYANDNGVDGEWTYDDATKTFTVTE","T11Q","","0.5916","kcal/mol","ddG(mAvg)_mean"
"MTYKLILNGKRLKGETTTEAVDAATAEKVFKQYANDNGVDGEWTYDDATKTFTVTE","T11R","","0.3921","kcal/mol","ddG(mAvg)_mean"
"MTYKLILNGKSLKGETTTEAVDAATAEKVFKQYANDNGVDGEWTYDDATKTFTVTE","T11S","","0.3042","kcal/mol","ddG(mAvg)_mean"
"MTYKLILNGKTAKGETTTEAVDAATAEKVFKQYANDNGVDGEWTYDDATKTFTVTE","L12A","","-0.2752","kcal/mol","ddG(mAvg)_mean"
"MTYKLILNGKTDKGETTTEAVDAATAEKVFKQYANDNGVDGEWTYDDATKTFTVTE","L12D","","-0.6799","kcal/mol","ddG(mAvg)_mean"
"MTYKLILNGKTEKGETTTEAVDAATAEKVFKQYANDNGVDGEWTYDDATKTFTVTE","L12E","","-0.2471","kcal/mol","ddG(mAvg)_mean"
"MTYKLILNGKTFKGETTTEAVDAATAEKVFKQYANDNGVDGEWTYDDATKTFTVTE","L12F","","1.255","kcal/mol","ddG(mAvg)_mean"
"MTYKLILNGKTGKGETTTEAVDAATAEKVFKQYANDNGVDGEWTYDDATKTFTVTE","L12G","","-0.2833","kcal/mol","ddG(mAvg)_mean"
"MTYKLILNGKTHKGETTTEAVDAATAEKVFKQYANDNGVDGEWTYDDATKTFTVTE","L12H","","0.2832","kcal/mol","ddG(mAvg)_mean"
"MTYKLILNGKTIKGETTTEAVDAATAEKVFKQYANDNGVDGEWTYDDATKTFTVTE","L12I","","0.9906","kcal/mol","ddG(mAvg)_mean"
"MTYKLILNGKTKKGETTTEAVDAATAEKVFKQYANDNGVDGEWTYDDATKTFTVTE","L12K","","0.596","kcal/mol","ddG(mAvg)_mean"
"MTYKLILNGKTLAGETTTEAVDAATAEKVFKQYANDNGVDGEWTYDDATKTFTVTE","K13A","","0.2103","kcal/mol","ddG(mAvg)_mean"
"MTYKLILNGKTLDGETTTEAVDAATAEKVFKQYANDNGVDGEWTYDDATKTFTVTE","K13D","","-0.4547","kcal/mol","ddG(mAvg)_mean"
"MTYKLILNGKTLEGETTTEAVDAATAEKVFKQYANDNGVDGEWTYDDATKTFTVTE","K13E","","0.02498","kcal/mol","ddG(mAvg)_mean"
"MTYKLILNGKTLFGETTTEAVDAATAEKVFKQYANDNGVDGEWTYDDATKTFTVTE","K13F","","0.6409","kcal/mol","ddG(mAvg)_mean"
"MTYKLILNGKTLGGETTTEAVDAATAEKVFKQYANDNGVDGEWTYDDATKTFTVTE","K13G","","-0.3534","kcal/mol","ddG(mAvg)_mean"
"MTYKLILNGKTLHGETTTEAVDAATAEKVFKQYANDNGVDGEWTYDDATKTFTVTE","K13H","","0.4454","kcal/mol","ddG(mAvg)_mean"
"MTYKLILNGKTLIGETTTEAVDAATAEKVFKQYANDNGVDGEWTYDDATKTFTVTE","K13I","","0.2273","kcal/mol","ddG(mAvg)_mean"
"MTYKLILNGKTLKAETTTEAVDAATAEKVFKQYANDNGVDGEWTYDDATKTFTVTE","G14A","","0.5122","kcal/mol","ddG(mAvg)_mean"
"MTYKLILNGKTLKDETTTEAVDAATAEKVFKQYANDNGVDGEWTYDDATKTFTVTE","G14D","","0.1038","kcal/mol","ddG(mAvg)_mean"
"MTYKLILNGKTLKEETTTEAVDAATAEKVFKQYANDNGVDGEWTYDDATKTFTVTE","G14E","","0.531","kcal/mol","ddG(mAvg)_mean"
"MTYKLILNGKTLKFETTTEAVDAATAEKVFKQYANDNGVDGEWTYDDATKTFTVTE","G14F","","0.6704","kcal/mol","ddG(mAvg)_mean"
"MTYKLILNGKTLKGATTTEAVDAATAEKVFKQYANDNGVDGEWTYDDATKTFTVTE","E15A","","0.4153","kcal/mol","ddG(mAvg)_mean"
"MTYKLILNGKTLKGDTTTEAVDAATAEKVFKQYANDNGVDGEWTYDDATKTFTVTE","E15D","","-0.1927","kcal/mol","ddG(mAvg)_mean"
"MTYKLILNGKTLKGEATTEAVDAATAEKVFKQYANDNGVDGEWTYDDATKTFTVTE","T16A","","0.2635","kcal/mol","ddG(mAvg)_mean"
"MTYKLILNGKTLKGEDTTEAVDAATAEKVFKQYANDNGVDGEWTYDDATKTFTVTE","T16D","","-1.038","kcal/mol","ddG(mAvg)_mean"
"MTYKLILNGKTLKGEETTEAVDAATAEKVFKQYANDNGVDGEWTYDDATKTFTVTE","T16E","","-0.2312","kcal/mol","ddG(mAvg)_mean"
"MTYKLILNGKTLKGEFTTEAVDAATAEKVFKQYANDNGVDGEWTYDDATKTFTVTE","T16F","","1.853","kcal/mol","ddG(mAvg)_mean"
"MTYKLILNGKTLKGEGTTEAVDAATAEKVFKQYANDNGVDGEWTYDDATKTFTVTE","T16G","","-1.21","kcal/mol","ddG(mAvg)_mean"
"MTYKLILNGKTLKGEHTTEAVDAATAEKVFKQYANDNGVDGEWTYDDATKTFTVTE","T16H","","0.5104","kcal/mol","ddG(mAvg)_mean"
"MTYKLILNGKTLKGEITTEAVDAATAEKVFKQYANDNGVDGEWTYDDATKTFTVTE","T16I","","1.011","kcal/mol","ddG(mAvg)_mean"
"MTYKLILNGKTLKGEKTTEAVDAATAEKVFKQYANDNGVDGEWTYDDATKTFTVTE","T16K","","0.3184","kcal/mol","ddG(mAvg)_mean"
"MTYKLILNGKTLKGELTTEAVDAATAEKVFKQYANDNGVDGEWTYDDATKTFTVTE","T16L","","0.9691","kcal/mol","ddG(mAvg)_mean"
"MTYKLILNGKTLKGEMTTEAVDAATAEKVFKQYANDNGVDGEWTYDDATKTFTVTE","T16M","","0.6984","kcal/mol","ddG(mAvg)_mean"
"MTYKLILNGKTLKGENTTEAVDAATAEKVFKQYANDNGVDGEWTYDDATKTFTVTE","T16N","","-0.1421","kcal/mol","ddG(mAvg)_mean"
"MTYKLILNGKTLKGEPTTEAVDAATAEKVFKQYANDNGVDGEWTYDDATKTFTVTE","T16P","","-1.993","kcal/mol","ddG(mAvg)_mean"
"MTYKLILNGKTLKGEQTTEAVDAATAEKVFKQYANDNGVDGEWTYDDATKTFTVTE","T16Q","","0.3266","kcal/mol","ddG(mAvg)_mean"
"MTYKLILNGKTLKGERTTEAVDAATAEKVFKQYANDNGVDGEWTYDDATKTFTVTE","T16R","","0.5506","kcal/mol","ddG(mAvg)_mean"
"MTYKLILNGKTLKGESTTEAVDAATAEKVFKQYANDNGVDGEWTYDDATKTFTVTE","T16S","","0.007023","kcal/mol","ddG(mAvg)_mean"
"MTYKLILNGKTLKGETATEAVDAATAEKVFKQYANDNGVDGEWTYDDATKTFTVTE","T17A","","-0.2098","kcal/mol","ddG(mAvg)_mean"
"MTYKLILNGKTLKGETDTEAVDAATAEKVFKQYANDNGVDGEWTYDDATKTFTVTE","T17D","","-0.3162","kcal/mol","ddG(mAvg)_mean"
"MTYKLILNGKTLKGETETEAVDAATAEKVFKQYANDNGVDGEWTYDDATKTFTVTE","T17E","","0.3336","kcal/mol","ddG(mAvg)_mean"
"MTYKLILNGKTLKGETFTEAVDAATAEKVFKQYANDNGVDGEWTYDDATKTFTVTE","T17F","","0.6827","kcal/mol","ddG(mAvg)_mean"
"MTYKLILNGKTLKGETGTEAVDAATAEKVFKQYANDNGVDGEWTYDDATKTFTVTE","T17G","","-1.053","kcal/mol","ddG(mAvg)_mean"
"MTYKLILNGKTLKGETHTEAVDAATAEKVFKQYANDNGVDGEWTYDDATKTFTVTE","T17H","","-0.04852","kcal/mol","ddG(mAvg)_mean"
"MTYKLILNGKTLKGETITEAVDAATAEKVFKQYANDNGVDGEWTYDDATKTFTVTE","T17I","","0.05838","kcal/mol","ddG(mAvg)_mean"
"MTYKLILNGKTLKGETKTEAVDAATAEKVFKQYANDNGVDGEWTYDDATKTFTVTE","T17K","","-0.0832","kcal/mol","ddG(mAvg)_mean"
"MTYKLILNGKTLKGETLTEAVDAATAEKVFKQYANDNGVDGEWTYDDATKTFTVTE","T17L","","-0.06769","kcal/mol","ddG(mAvg)_mean"
"MTYKLILNGKTLKGETMTEAVDAATAEKVFKQYANDNGVDGEWTYDDATKTFTVTE","T17M","","0.05629","kcal/mol","ddG(mAvg)_mean"
"MTYKLILNGKTLKGETNTEAVDAATAEKVFKQYANDNGVDGEWTYDDATKTFTVTE","T17N","","-0.1293","kcal/mol","ddG(mAvg)_mean"
"MTYKLILNGKTLKGETPTEAVDAATAEKVFKQYANDNGVDGEWTYDDATKTFTVTE","T17P","","-2.084","kcal/mol","ddG(mAvg)_mean"
"MTYKLILNGKTLKGETQTEAVDAATAEKVFKQYANDNGVDGEWTYDDATKTFTVTE","T17Q","","0.2838","kcal/mol","ddG(mAvg)_mean"
"MTYKLILNGKTLKGETRTEAVDAATAEKVFKQYANDNGVDGEWTYDDATKTFTVTE","T17R","","0.2138","kcal/mol","ddG(mAvg)_mean"
"MTYKLILNGKTLKGETSTEAVDAATAEKVFKQYANDNGVDGEWTYDDATKTFTVTE","T17S","","0.388","kcal/mol","ddG(mAvg)_mean"
"MTYKLILNGKTLKGETTAEAVDAATAEKVFKQYANDNGVDGEWTYDDATKTFTVTE","T18A","","0.2213","kcal/mol","ddG(mAvg)_mean"
"MTYKLILNGKTLKGETTDEAVDAATAEKVFKQYANDNGVDGEWTYDDATKTFTVTE","T18D","","-1.787","kcal/mol","ddG(mAvg)_mean"
"MTYKLILNGKTLKGETTEEAVDAATAEKVFKQYANDNGVDGEWTYDDATKTFTVTE","T18E","","-0.6727","kcal/mol","ddG(mAvg)_mean"
"MTYKLILNGKTLKGETTFEAVDAATAEKVFKQYANDNGVDGEWTYDDATKTFTVTE","T18F","","0.5632","kcal/mol","ddG(mAvg)_mean"
"MTYKLILNGKTLKGETTGEAVDAATAEKVFKQYANDNGVDGEWTYDDATKTFTVTE","T18G","","-1.735","kcal/mol","ddG(mAvg)_mean"
"MTYKLILNGKTLKGETTHEAVDAATAEKVFKQYANDNGVDGEWTYDDATKTFTVTE","T18H","","-0.4238","kcal/mol","ddG(mAvg)_mean"
"MTYKLILNGKTLKGETTIEAVDAATAEKVFKQYANDNGVDGEWTYDDATKTFTVTE","T18I","","0.8377","kcal/mol","ddG(mAvg)_mean"
"MTYKLILNGKTLKGETTKEAVDAATAEKVFKQYANDNGVDGEWTYDDATKTFTVTE","T18K","","-0.9528","kcal/mol","ddG(mAvg)_mean"
"MTYKLILNGKTLKGETTLEAVDAATAEKVFKQYANDNGVDGEWTYDDATKTFTVTE","T18L","","0.7961","kcal/mol","ddG(mAvg)_mean"
"MTYKLILNGKTLKGETTMEAVDAATAEKVFKQYANDNGVDGEWTYDDATKTFTVTE","T18M","","0.6229","kcal/mol","ddG(mAvg)_mean"
"MTYKLILNGKTLKGETTNEAVDAATAEKVFKQYANDNGVDGEWTYDDATKTFTVTE","T18N","","-0.8737","kcal/mol","ddG(mAvg)_mean"
"MTYKLILNGKTLKGETTPEAVDAATAEKVFKQYANDNGVDGEWTYDDATKTFTVTE","T18P","","-4","kcal/mol","ddG(mAvg)_mean"
"MTYKLILNGKTLKGETTQEAVDAATAEKVFKQYANDNGVDGEWTYDDATKTFTVTE","T18Q","","-0.5862","kcal/mol","ddG(mAvg)_mean"
"MTYKLILNGKTLKGETTREAVDAATAEKVFKQYANDNGVDGEWTYDDATKTFTVTE","T18R","","-0.442","kcal/mol","ddG(mAvg)_mean"
"MTYKLILNGKTLKGETTSEAVDAATAEKVFKQYANDNGVDGEWTYDDATKTFTVTE","T18S","","-0.778","kcal/mol","ddG(mAvg)_mean"
"MTYKLILNGKTLKGETTTAAVDAATAEKVFKQYANDNGVDGEWTYDDATKTFTVTE","E19A","","0.0476","kcal/mol","ddG(mAvg)_mean"
"MTYKLILNGKTLKGETTTDAVDAATAEKVFKQYANDNGVDGEWTYDDATKTFTVTE","E19D","","0.2036","kcal/mol","ddG(mAvg)_mean"
"MTYKLILNGKTLKGETTTEAADAATAEKVFKQYANDNGVDGEWTYDDATKTFTVTE","V21A","","0.4182","kcal/mol","ddG(mAvg)_mean"
"MTYKLILNGKTLKGETTTEADDAATAEKVFKQYANDNGVDGEWTYDDATKTFTVTE","V21D","","0.4596","kcal/mol","ddG(mAvg)_mean"
"MTYKLILNGKTLKGETTTEAEDAATAEKVFKQYANDNGVDGEWTYDDATKTFTVTE","V21E","","0.7594","kcal/mol","ddG(mAvg)_mean"
"MTYKLILNGKTLKGETTTEAFDAATAEKVFKQYANDNGVDGEWTYDDATKTFTVTE","V21F","","1.099","kcal/mol","ddG(mAvg)_mean"
"MTYKLILNGKTLKGETTTEAGDAATAEKVFKQYANDNGVDGEWTYDDATKTFTVTE","V21G","","0.1904","kcal/mol","ddG(mAvg)_mean"
"MTYKLILNGKTLKGETTTEAHDAATAEKVFKQYANDNGVDGEWTYDDATKTFTVTE","V21H","","0.1943","kcal/mol","ddG(mAvg)_mean"
"MTYKLILNGKTLKGETTTEAIDAATAEKVFKQYANDNGVDGEWTYDDATKTFTVTE","V21I","","0.543","kcal/mol","ddG(mAvg)_mean"
"MTYKLILNGKTLKGETTTEAKDAATAEKVFKQYANDNGVDGEWTYDDATKTFTVTE","V21K","","0.5363","kcal/mol","ddG(mAvg)_mean"
"MTYKLILNGKTLKGETTTEALDAATAEKVFKQYANDNGVDGEWTYDDATKTFTVTE","V21L","","0.4146","kcal/mol","ddG(mAvg)_mean"
"MTYKLILNGKTLKGETTTEAMDAATAEKVFKQYANDNGVDGEWTYDDATKTFTVTE","V21M","","0.5225","kcal/mol","ddG(mAvg)_mean"
"MTYKLILNGKTLKGETTTEANDAATAEKVFKQYANDNGVDGEWTYDDATKTFTVTE","V21N","","0.4976","kcal/mol","ddG(mAvg)_mean"
"MTYKLILNGKTLKGETTTEAPDAATAEKVFKQYANDNGVDGEWTYDDATKTFTVTE","V21P","","0.8258","kcal/mol","ddG(mAvg)_mean"
"MTYKLILNGKTLKGETTTEAQDAATAEKVFKQYANDNGVDGEWTYDDATKTFTVTE","V21Q","","0.2745","kcal/mol","ddG(mAvg)_mean"
"MTYKLILNGKTLKGETTTEARDAATAEKVFKQYANDNGVDGEWTYDDATKTFTVTE","V21R","","0.5082","kcal/mol","ddG(mAvg)_mean"
"MTYKLILNGKTLKGETTTEASDAATAEKVFKQYANDNGVDGEWTYDDATKTFTVTE","V21S","","0.4364","kcal/mol","ddG(mAvg)_mean"
"MTYKLILNGKTLKGETTTEATDAATAEKVFKQYANDNGVDGEWTYDDATKTFTVTE","V21T","","0.1255","kcal/mol","ddG(mAvg)_mean"
"MTYKLILNGKTLKGETTTEAVAAATAEKVFKQYANDNGVDGEWTYDDATKTFTVTE","D22A","","-1.078","kcal/mol","ddG(mAvg)_mean"
"MTYKLILNGKTLKGETTTEAVDAAAAEKVFKQYANDNGVDGEWTYDDATKTFTVTE","T25A","","0.8545","kcal/mol","ddG(mAvg)_mean"
"MTYKLILNGKTLKGETTTEAVDAADAEKVFKQYANDNGVDGEWTYDDATKTFTVTE","T25D","","0.2272","kcal/mol","ddG(mAvg)_mean"
"MTYKLILNGKTLKGETTTEAVDAAEAEKVFKQYANDNGVDGEWTYDDATKTFTVTE","T25E","","0.6153","kcal/mol","ddG(mAvg)_mean"
"MTYKLILNGKTLKGETTTEAVDAAFAEKVFKQYANDNGVDGEWTYDDATKTFTVTE","T25F","","0.3866","kcal/mol","ddG(mAvg)_mean"
"MTYKLILNGKTLKGETTTEAVDAAGAEKVFKQYANDNGVDGEWTYDDATKTFTVTE","T25G","","0.1682","kcal/mol","ddG(mAvg)_mean"
"MTYKLILNGKTLKGETTTEAVDAAHAEKVFKQYANDNGVDGEWTYDDATKTFTVTE","T25H","","0.6744","kcal/mol","ddG(mAvg)_mean"
"MTYKLILNGKTLKGETTTEAVDAAIAEKVFKQYANDNGVDGEWTYDDATKTFTVTE","T25I","","-0.3458","kcal/mol","ddG(mAvg)_mean"
"MTYKLILNGKTLKGETTTEAVDAAKAEKVFKQYANDNGVDGEWTYDDATKTFTVTE","T25K","","-0.08343","kcal/mol","ddG(mAvg)_mean"
"MTYKLILNGKTLKGETTTEAVDAALAEKVFKQYANDNGVDGEWTYDDATKTFTVTE","T25L","","-0.05998","kcal/mol","ddG(mAvg)_mean"
"MTYKLILNGKTLKGETTTEAVDAAMAEKVFKQYANDNGVDGEWTYDDATKTFTVTE","T25M","","0.2008","kcal/mol","ddG(mAvg)_mean"
"MTYKLILNGKTLKGETTTEAVDAANAEKVFKQYANDNGVDGEWTYDDATKTFTVTE","T25N","","0.01742","kcal/mol","ddG(mAvg)_mean"
"MTYKLILNGKTLKGETTTEAVDAAPAEKVFKQYANDNGVDGEWTYDDATKTFTVTE","T25P","","-2.095","kcal/mol","ddG(mAvg)_mean"
"MTYKLILNGKTLKGETTTEAVDAAQAEKVFKQYANDNGVDGEWTYDDATKTFTVTE","T25Q","","0.4703","kcal/mol","ddG(mAvg)_mean"
"MTYKLILNGKTLKGETTTEAVDAARAEKVFKQYANDNGVDGEWTYDDATKTFTVTE","T25R","","0.03177","kcal/mol","ddG(mAvg)_mean"
"MTYKLILNGKTLKGETTTEAVDAASAEKVFKQYANDNGVDGEWTYDDATKTFTVTE","T25S","","0.5062","kcal/mol","ddG(mAvg)_mean"
"MTYKLILNGKTLKGETTTEAVDAATAAKVFKQYANDNGVDGEWTYDDATKTFTVTE","E27A","","0.4055","kcal/mol","ddG(mAvg)_mean"
"MTYKLILNGKTLKGETTTEAVDAATADKVFKQYANDNGVDGEWTYDDATKTFTVTE","E27D","","-0.716","kcal/mol","ddG(mAvg)_mean"
"MTYKLILNGKTLKGETTTEAVDAATAEAVFKQYANDNGVDGEWTYDDATKTFTVTE","K28A","","0.565","kcal/mol","ddG(mAvg)_mean"
"MTYKLILNGKTLKGETTTEAVDAATAEDVFKQYANDNGVDGEWTYDDATKTFTVTE","K28D","","0.1015","kcal/mol","ddG(mAvg)_mean"
"MTYKLILNGKTLKGETTTEAVDAATAEEVFKQYANDNGVDGEWTYDDATKTFTVTE","K28E","","0.5592","kcal/mol","ddG(mAvg)_mean"
"MTYKLILNGKTLKGETTTEAVDAATAEFVFKQYANDNGVDGEWTYDDATKTFTVTE","K28F","","0.2707","kcal/mol","ddG(mAvg)_mean"
"MTYKLILNGKTLKGETTTEAVDAATAEGVFKQYANDNGVDGEWTYDDATKTFTVTE","K28G","","-0.007366","kcal/mol","ddG(mAvg)_mean"
"MTYKLILNGKTLKGETTTEAVDAATAEHVFKQYANDNGVDGEWTYDDATKTFTVTE","K28H","","0.06766","kcal/mol","ddG(mAvg)_mean"
"MTYKLILNGKTLKGETTTEAVDAATAEIVFKQYANDNGVDGEWTYDDATKTFTVTE","K28I","","0.7215","kcal/mol","ddG(mAvg)_mean"
"MTYKLILNGKTLKGETTTEAVDAATAEKAFKQYANDNGVDGEWTYDDATKTFTVTE","V29A","","0.1403","kcal/mol","ddG(mAvg)_mean"
"MTYKLILNGKTLKGETTTEAVDAATAEKDFKQYANDNGVDGEWTYDDATKTFTVTE","V29D","","-0.2208","kcal/mol","ddG(mAvg)_mean"
"MTYKLILNGKTLKGETTTEAVDAATAEKEFKQYANDNGVDGEWTYDDATKTFTVTE","V29E","","0.118","kcal/mol","ddG(mAvg)_mean"
"MTYKLILNGKTLKGETTTEAVDAATAEKFFKQYANDNGVDGEWTYDDATKTFTVTE","V29F","","0.5923","kcal/mol","ddG(mAvg)_mean"
"MTYKLILNGKTLKGETTTEAVDAATAEKGFKQYANDNGVDGEWTYDDATKTFTVTE","V29G","","-0.912","kcal/mol","ddG(mAvg)_mean"
"MTYKLILNGKTLKGETTTEAVDAATAEKHFKQYANDNGVDGEWTYDDATKTFTVTE","V29H","","0.1615","kcal/mol","ddG(mAvg)_mean"
"MTYKLILNGKTLKGETTTEAVDAATAEKIFKQYANDNGVDGEWTYDDATKTFTVTE","V29I","","0.681","kcal/mol","ddG(mAvg)_mean"
"MTYKLILNGKTLKGETTTEAVDAATAEKKFKQYANDNGVDGEWTYDDATKTFTVTE","V29K","","0.3326","kcal/mol","ddG(mAvg)_mean"
"MTYKLILNGKTLKGETTTEAVDAATAEKLFKQYANDNGVDGEWTYDDATKTFTVTE","V29L","","0.2917","kcal/mol","ddG(mAvg)_mean"
"MTYKLILNGKTLKGETTTEAVDAATAEKMFKQYANDNGVDGEWTYDDATKTFTVTE","V29M","","0.1372","kcal/mol","ddG(mAvg)_mean"
"MTYKLILNGKTLKGETTTEAVDAATAEKNFKQYANDNGVDGEWTYDDATKTFTVTE","V29N","","-0.2247","kcal/mol","ddG(mAvg)_mean"
"MTYKLILNGKTLKGETTTEAVDAATAEKPFKQYANDNGVDGEWTYDDATKTFTVTE","V29P","","-2.722","kcal/mol","ddG(mAvg)_mean"
"MTYKLILNGKTLKGETTTEAVDAATAEKQFKQYANDNGVDGEWTYDDATKTFTVTE","V29Q","","0.3762","kcal/mol","ddG(mAvg)_mean"
"MTYKLILNGKTLKGETTTEAVDAATAEKRFKQYANDNGVDGEWTYDDATKTFTVTE","V29R","","0.4376","kcal/mol","ddG(mAvg)_mean"
"MTYKLILNGKTLKGETTTEAVDAATAEKSFKQYANDNGVDGEWTYDDATKTFTVTE","V29S","","-0.1711","kcal/mol","ddG(mAvg)_mean"
"MTYKLILNGKTLKGETTTEAVDAATAEKTFKQYANDNGVDGEWTYDDATKTFTVTE","V29T","","0.4142","kcal/mol","ddG(mAvg)_mean"
"MTYKLILNGKTLKGETTTEAVDAATAEKVAKQYANDNGVDGEWTYDDATKTFTVTE","F30A","","-3.04","kcal/mol","ddG(mAvg)_mean"
"MTYKLILNGKTLKGETTTEAVDAATAEKVDKQYANDNGVDGEWTYDDATKTFTVTE","F30D","","-0.5043","kcal/mol","ddG(mAvg)_mean"
"MTYKLILNGKTLKGETTTEAVDAATAEKVEKQYANDNGVDGEWTYDDATKTFTVTE","F30E","","-4","kcal/mol","ddG(mAvg)_mean"
"MTYKLILNGKTLKGETTTEAVDAATAEKVFAQYANDNGVDGEWTYDDATKTFTVTE","K31A","","-0.4356","kcal/mol","ddG(mAvg)_mean"
"MTYKLILNGKTLKGETTTEAVDAATAEKVFDQYANDNGVDGEWTYDDATKTFTVTE","K31D","","-4","kcal/mol","ddG(mAvg)_mean"
"MTYKLILNGKTLKGETTTEAVDAATAEKVFEQYANDNGVDGEWTYDDATKTFTVTE","K31E","","-0.7792","kcal/mol","ddG(mAvg)_mean"
"MTYKLILNGKTLKGETTTEAVDAATAEKVFFQYANDNGVDGEWTYDDATKTFTVTE","K31F","","-0.2177","kcal/mol","ddG(mAvg)_mean"
"MTYKLILNGKTLKGETTTEAVDAATAEKVFGQYANDNGVDGEWTYDDATKTFTVTE","K31G","","-1.156","kcal/mol","ddG(mAvg)_mean"
"MTYKLILNGKTLKGETTTEAVDAATAEKVFHQYANDNGVDGEWTYDDATKTFTVTE","K31H","","-4","kcal/mol","ddG(mAvg)_mean"
"MTYKLILNGKTLKGETTTEAVDAATAEKVFIQYANDNGVDGEWTYDDATKTFTVTE","K31I","","0.1853","kcal/mol","ddG(mAvg)_mean"
"MTYKLILNGKTLKGETTTEAVDAATAEKVFKAYANDNGVDGEWTYDDATKTFTVTE","Q32A","","0.1613","kcal/mol","ddG(mAvg)_mean"
"MTYKLILNGKTLKGETTTEAVDAATAEKVFKDYANDNGVDGEWTYDDATKTFTVTE","Q32D","","0.04907","kcal/mol","ddG(mAvg)_mean"
"MTYKLILNGKTLKGETTTEAVDAATAEKVFKEYANDNGVDGEWTYDDATKTFTVTE","Q32E","","0.3816","kcal/mol","ddG(mAvg)_mean"
"MTYKLILNGKTLKGETTTEAVDAATAEKVFKFYANDNGVDGEWTYDDATKTFTVTE","Q32F","","-0.3163","kcal/mol","ddG(mAvg)_mean"
"MTYKLILNGKTLKGETTTEAVDAATAEKVFKGYANDNGVDGEWTYDDATKTFTVTE","Q32G","","-0.419","kcal/mol","ddG(mAvg)_mean"
"MTYKLILNGKTLKGETTTEAVDAATAEKVFKHYANDNGVDGEWTYDDATKTFTVTE","Q32H","","-0.1958","kcal/mol","ddG(mAvg)_mean"
"MTYKLILNGKTLKGETTTEAVDAATAEKVFKIYANDNGVDGEWTYDDATKTFTVTE","Q32I","","0.1103","kcal/mol","ddG(mAvg)_mean"
"MTYKLILNGKTLKGETTTEAVDAATAEKVFKKYANDNGVDGEWTYDDATKTFTVTE","Q32K","","0.5808","kcal/mol","ddG(mAvg)_mean"
"MTYKLILNGKTLKGETTTEAVDAATAEKVFKLYANDNGVDGEWTYDDATKTFTVTE","Q32L","","0.1403","kcal/mol","ddG(mAvg)_mean"
"MTYKLILNGKTLKGETTTEAVDAATAEKVFKMYANDNGVDGEWTYDDATKTFTVTE","Q32M","","0.4955","kcal/mol","ddG(mAvg)_mean"
"MTYKLILNGKTLKGETTTEAVDAATAEKVFKNYANDNGVDGEWTYDDATKTFTVTE","Q32N","","-0.01396","kcal/mol","ddG(mAvg)_mean"
"MTYKLILNGKTLKGETTTEAVDAATAEKVFKPYANDNGVDGEWTYDDATKTFTVTE","Q32P","","0.6124","kcal/mol","ddG(mAvg)_mean"
"MTYKLILNGKTLKGETTTEAVDAATAEKVFKQAANDNGVDGEWTYDDATKTFTVTE","Y33A","","-1.774","kcal/mol","ddG(mAvg)_mean"
"MTYKLILNGKTLKGETTTEAVDAATAEKVFKQDANDNGVDGEWTYDDATKTFTVTE","Y33D","","-4","kcal/mol","ddG(mAvg)_mean"
"MTYKLILNGKTLKGETTTEAVDAATAEKVFKQEANDNGVDGEWTYDDATKTFTVTE","Y33E","","-1.739","kcal/mol","ddG(mAvg)_mean"
"MTYKLILNGKTLKGETTTEAVDAATAEKVFKQFANDNGVDGEWTYDDATKTFTVTE","Y33F","","0.2852","kcal/mol","ddG(mAvg)_mean"
"MTYKLILNGKTLKGETTTEAVDAATAEKVFKQGANDNGVDGEWTYDDATKTFTVTE","Y33G","","-3.459","kcal/mol","ddG(mAvg)_mean"
"MTYKLILNGKTLKGETTTEAVDAATAEKVFKQHANDNGVDGEWTYDDATKTFTVTE","Y33H","","-1.444","kcal/mol","ddG(mAvg)_mean"
"MTYKLILNGKTLKGETTTEAVDAATAEKVFKQIANDNGVDGEWTYDDATKTFTVTE","Y33I","","-0.1415","kcal/mol","ddG(mAvg)_mean"
"MTYKLILNGKTLKGETTTEAVDAATAEKVFKQKANDNGVDGEWTYDDATKTFTVTE","Y33K","","-1.525","kcal/mol","ddG(mAvg)_mean"
"MTYKLILNGKTLKGETTTEAVDAATAEKVFKQLANDNGVDGEWTYDDATKTFTVTE","Y33L","","-0.7223","kcal/mol","ddG(mAvg)_mean"
"MTYKLILNGKTLKGETTTEAVDAATAEKVFKQMANDNGVDGEWTYDDATKTFTVTE","Y33M","","-0.5996","kcal/mol","ddG(mAvg)_mean"
"MTYKLILNGKTLKGETTTEAVDAATAEKVFKQNANDNGVDGEWTYDDATKTFTVTE","Y33N","","-1.953","kcal/mol","ddG(mAvg)_mean"
"MTYKLILNGKTLKGETTTEAVDAATAEKVFKQPANDNGVDGEWTYDDATKTFTVTE","Y33P","","-4","kcal/mol","ddG(mAvg)_mean"
"MTYKLILNGKTLKGETTTEAVDAATAEKVFKQQANDNGVDGEWTYDDATKTFTVTE","Y33Q","","-1.337","kcal/mol","ddG(mAvg)_mean"
"MTYKLILNGKTLKGETTTEAVDAATAEKVFKQRANDNGVDGEWTYDDATKTFTVTE","Y33R","","-1.724","kcal/mol","ddG(mAvg)_mean"
"MTYKLILNGKTLKGETTTEAVDAATAEKVFKQSANDNGVDGEWTYDDATKTFTVTE","Y33S","","-2.087","kcal/mol","ddG(mAvg)_mean"
"MTYKLILNGKTLKGETTTEAVDAATAEKVFKQTANDNGVDGEWTYDDATKTFTVTE","Y33T","","-1.641","kcal/mol","ddG(mAvg)_mean"
"MTYKLILNGKTLKGETTTEAVDAATAEKVFKQVANDNGVDGEWTYDDATKTFTVTE","Y33V","","-0.4381","kcal/mol","ddG(mAvg)_mean"
"MTYKLILNGKTLKGETTTEAVDAATAEKVFKQYAADNGVDGEWTYDDATKTFTVTE","N35A","","0.5888","kcal/mol","ddG(mAvg)_mean"
"MTYKLILNGKTLKGETTTEAVDAATAEKVFKQYADDNGVDGEWTYDDATKTFTVTE","N35D","","0.1644","kcal/mol","ddG(mAvg)_mean"
"MTYKLILNGKTLKGETTTEAVDAATAEKVFKQYAEDNGVDGEWTYDDATKTFTVTE","N35E","","0.7452","kcal/mol","ddG(mAvg)_mean"
"MTYKLILNGKTLKGETTTEAVDAATAEKVFKQYAFDNGVDGEWTYDDATKTFTVTE","N35F","","1.001","kcal/mol","ddG(mAvg)_mean"
"MTYKLILNGKTLKGETTTEAVDAATAEKVFKQYAGDNGVDGEWTYDDATKTFTVTE","N35G","","0.1065","kcal/mol","ddG(mAvg)_mean"
"MTYKLILNGKTLKGETTTEAVDAATAEKVFKQYAHDNGVDGEWTYDDATKTFTVTE","N35H","","0.03699","kcal/mol","ddG(mAvg)_mean"
"MTYKLILNGKTLKGETTTEAVDAATAEKVFKQYAIDNGVDGEWTYDDATKTFTVTE","N35I","","0.6808","kcal/mol","ddG(mAvg)_mean"
"MTYKLILNGKTLKGETTTEAVDAATAEKVFKQYAKDNGVDGEWTYDDATKTFTVTE","N35K","","1.043","kcal/mol","ddG(mAvg)_mean"
"MTYKLILNGKTLKGETTTEAVDAATAEKVFKQYALDNGVDGEWTYDDATKTFTVTE","N35L","","0.8509","kcal/mol","ddG(mAvg)_mean"
"MTYKLILNGKTLKGETTTEAVDAATAEKVFKQYAMDNGVDGEWTYDDATKTFTVTE","N35M","","0.1763","kcal/mol","ddG(mAvg)_mean"
"MTYKLILNGKTLKGETTTEAVDAATAEKVFKQYANANGVDGEWTYDDATKTFTVTE","D36A","","0.3988","kcal/mol","ddG(mAvg)_mean"
"MTYKLILNGKTLKGETTTEAVDAATAEKVFKQYANDAGVDGEWTYDDATKTFTVTE","N37A","","0.3611","kcal/mol","ddG(mAvg)_mean"
"MTYKLILNGKTLKGETTTEAVDAATAEKVFKQYANDDGVDGEWTYDDATKTFTVTE","N37D","","-1.124","kcal/mol","ddG(mAvg)_mean"
"MTYKLILNGKTLKGETTTEAVDAATAEKVFKQYANDEGVDGEWTYDDATKTFTVTE","N37E","","0.003751","kcal/mol","ddG(mAvg)_mean"
"MTYKLILNGKTLKGETTTEAVDAATAEKVFKQYANDFGVDGEWTYDDATKTFTVTE","N37F","","1.005","kcal/mol","ddG(mAvg)_mean"
"MTYKLILNGKTLKGETTTEAVDAATAEKVFKQYANDGGVDGEWTYDDATKTFTVTE","N37G","","-0.9364","kcal/mol","ddG(mAvg)_mean"
"MTYKLILNGKTLKGETTTEAVDAATAEKVFKQYANDHGVDGEWTYDDATKTFTVTE","N37H","","0.6965","kcal/mol","ddG(mAvg)_mean"
"MTYKLILNGKTLKGETTTEAVDAATAEKVFKQYANDIGVDGEWTYDDATKTFTVTE","N37I","","0.5687","kcal/mol","ddG(mAvg)_mean"
"MTYKLILNGKTLKGETTTEAVDAATAEKVFKQYANDKGVDGEWTYDDATKTFTVTE","N37K","","1.018","kcal/mol","ddG(mAvg)_mean"
"MTYKLILNGKTLKGETTTEAVDAATAEKVFKQYANDLGVDGEWTYDDATKTFTVTE","N37L","","0.9543","kcal/mol","ddG(mAvg)_mean"
"MTYKLILNGKTLKGETTTEAVDAATAEKVFKQYANDMGVDGEWTYDDATKTFTVTE","N37M","","0.3042","kcal/mol","ddG(mAvg)_mean"
"MTYKLILNGKTLKGETTTEAVDAATAEKVFKQYANDNAVDGEWTYDDATKTFTVTE","G38A","","-0.2928","kcal/mol","ddG(mAvg)_mean"
"MTYKLILNGKTLKGETTTEAVDAATAEKVFKQYANDNDVDGEWTYDDATKTFTVTE","G38D","","0.05173","kcal/mol","ddG(mAvg)_mean"
"MTYKLILNGKTLKGETTTEAVDAATAEKVFKQYANDNEVDGEWTYDDATKTFTVTE","G38E","","-0.1315","kcal/mol","ddG(mAvg)_mean"
"MTYKLILNGKTLKGETTTEAVDAATAEKVFKQYANDNFVDGEWTYDDATKTFTVTE","G38F","","-0.1966","kcal/mol","ddG(mAvg)_mean"
"MTYKLILNGKTLKGETTTEAVDAATAEKVFKQYANDNGADGEWTYDDATKTFTVTE","V39A","","-1.181","kcal/mol","ddG(mAvg)_mean"
"MTYKLILNGKTLKGETTTEAVDAATAEKVFKQYANDNGDDGEWTYDDATKTFTVTE","V39D","","-3.414","kcal/mol","ddG(mAvg)_mean"
"MTYKLILNGKTLKGETTTEAVDAATAEKVFKQYANDNGEDGEWTYDDATKTFTVTE","V39E","","-0.273","kcal/mol","ddG(mAvg)_mean"
"MTYKLILNGKTLKGETTTEAVDAATAEKVFKQYANDNGFDGEWTYDDATKTFTVTE","V39F","","0.6698","kcal/mol","ddG(mAvg)_mean"
"MTYKLILNGKTLKGETTTEAVDAATAEKVFKQYANDNGGDGEWTYDDATKTFTVTE","V39G","","-2.291","kcal/mol","ddG(mAvg)_mean"
"MTYKLILNGKTLKGETTTEAVDAATAEKVFKQYANDNGHDGEWTYDDATKTFTVTE","V39H","","-1.566","kcal/mol","ddG(mAvg)_mean"
"MTYKLILNGKTLKGETTTEAVDAATAEKVFKQYANDNGIDGEWTYDDATKTFTVTE","V39I","","0.9096","kcal/mol","ddG(mAvg)_mean"
"MTYKLILNGKTLKGETTTEAVDAATAEKVFKQYANDNGKDGEWTYDDATKTFTVTE","V39K","","-1.962","kcal/mol","ddG(mAvg)_mean"
"MTYKLILNGKTLKGETTTEAVDAATAEKVFKQYANDNGLDGEWTYDDATKTFTVTE","V39L","","0.2675","kcal/mol","ddG(mAvg)_mean"
"MTYKLILNGKTLKGETTTEAVDAATAEKVFKQYANDNGMDGEWTYDDATKTFTVTE","V39M","","-0.2731","kcal/mol","ddG(mAvg)_mean"
"MTYKLILNGKTLKGETTTEAVDAATAEKVFKQYANDNGNDGEWTYDDATKTFTVTE","V39N","","-4","kcal/mol","ddG(mAvg)_mean"
"MTYKLILNGKTLKGETTTEAVDAATAEKVFKQYANDNGPDGEWTYDDATKTFTVTE","V39P","","-2.31","kcal/mol","ddG(mAvg)_mean"
"MTYKLILNGKTLKGETTTEAVDAATAEKVFKQYANDNGQDGEWTYDDATKTFTVTE","V39Q","","-1.52","kcal/mol","ddG(mAvg)_mean"
"MTYKLILNGKTLKGETTTEAVDAATAEKVFKQYANDNGRDGEWTYDDATKTFTVTE","V39R","","-2.039","kcal/mol","ddG(mAvg)_mean"
"MTYKLILNGKTLKGETTTEAVDAATAEKVFKQYANDNGSDGEWTYDDATKTFTVTE","V39S","","-1.696","kcal/mol","ddG(mAvg)_mean"
"MTYKLILNGKTLKGETTTEAVDAATAEKVFKQYANDNGTDGEWTYDDATKTFTVTE","V39T","","-1.281","kcal/mol","ddG(mAvg)_mean"
"MTYKLILNGKTLKGETTTEAVDAATAEKVFKQYANDNGVAGEWTYDDATKTFTVTE","D40A","","0.1153","kcal/mol","ddG(mAvg)_mean"
"MTYKLILNGKTLKGETTTEAVDAATAEKVFKQYANDNGVDAEWTYDDATKTFTVTE","G41A","","0.4935","kcal/mol","ddG(mAvg)_mean"
"MTYKLILNGKTLKGETTTEAVDAATAEKVFKQYANDNGVDDEWTYDDATKTFTVTE","G41D","","-4","kcal/mol","ddG(mAvg)_mean"
"MTYKLILNGKTLKGETTTEAVDAATAEKVFKQYANDNGVDEEWTYDDATKTFTVTE","G41E","","-4","kcal/mol","ddG(mAvg)_mean"
"MTYKLILNGKTLKGETTTEAVDAATAEKVFKQYANDNGVDFEWTYDDATKTFTVTE","G41F","","-2.315","kcal/mol","ddG(mAvg)_mean"
"MTYKLILNGKTLKGETTTEAVDAATAEKVFKQYANDNGVDGAWTYDDATKTFTVTE","E42A","","0.6756","kcal/mol","ddG(mAvg)_mean"
"MTYKLILNGKTLKGETTTEAVDAATAEKVFKQYANDNGVDGDWTYDDATKTFTVTE","E42D","","0.6086","kcal/mol","ddG(mAvg)_mean"
"MTYKLILNGKTLKGETTTEAVDAATAEKVFKQYANDNGVDGEWAYDDATKTFTVTE","T44A","","0.396","kcal/mol","ddG(mAvg)_mean"
"MTYKLILNGKTLKGETTTEAVDAATAEKVFKQYANDNGVDGEWDYDDATKTFTVTE","T44D","","-0.06051","kcal/mol","ddG(mAvg)_mean"
"MTYKLILNGKTLKGETTTEAVDAATAEKVFKQYANDNGVDGEWEYDDATKTFTVTE","T44E","","0.2712","kcal/mol","ddG(mAvg)_mean"
"MTYKLILNGKTLKGETTTEAVDAATAEKVFKQYANDNGVDGEWFYDDATKTFTVTE","T44F","","0.09238","kcal/mol","ddG(mAvg)_mean"
"MTYKLILNGKTLKGETTTEAVDAATAEKVFKQYANDNGVDGEWGYDDATKTFTVTE","T44G","","-0.1777","kcal/mol","ddG(mAvg)_mean"
"MTYKLILNGKTLKGETTTEAVDAATAEKVFKQYANDNGVDGEWHYDDATKTFTVTE","T44H","","0.3065","kcal/mol","ddG(mAvg)_mean"
"MTYKLILNGKTLKGETTTEAVDAATAEKVFKQYANDNGVDGEWIYDDATKTFTVTE","T44I","","0.5158","kcal/mol","ddG(mAvg)_mean"
"MTYKLILNGKTLKGETTTEAVDAATAEKVFKQYANDNGVDGEWKYDDATKTFTVTE","T44K","","0.2054","kcal/mol","ddG(mAvg)_mean"
"MTYKLILNGKTLKGETTTEAVDAATAEKVFKQYANDNGVDGEWLYDDATKTFTVTE","T44L","","0.06871","kcal/mol","ddG(mAvg)_mean"
"MTYKLILNGKTLKGETTTEAVDAATAEKVFKQYANDNGVDGEWMYDDATKTFTVTE","T44M","","-0.1149","kcal/mol","ddG(mAvg)_mean"
"MTYKLILNGKTLKGETTTEAVDAATAEKVFKQYANDNGVDGEWNYDDATKTFTVTE","T44N","","-0.002354","kcal/mol","ddG(mAvg)_mean"
"MTYKLILNGKTLKGETTTEAVDAATAEKVFKQYANDNGVDGEWPYDDATKTFTVTE","T44P","","-4","kcal/mol","ddG(mAvg)_mean"
"MTYKLILNGKTLKGETTTEAVDAATAEKVFKQYANDNGVDGEWQYDDATKTFTVTE","T44Q","","0.2158","kcal/mol","ddG(mAvg)_mean"
"MTYKLILNGKTLKGETTTEAVDAATAEKVFKQYANDNGVDGEWRYDDATKTFTVTE","T44R","","0.1073","kcal/mol","ddG(mAvg)_mean"
"MTYKLILNGKTLKGETTTEAVDAATAEKVFKQYANDNGVDGEWSYDDATKTFTVTE","T44S","","0.3613","kcal/mol","ddG(mAvg)_mean"
"MTYKLILNGKTLKGETTTEAVDAATAEKVFKQYANDNGVDGEWTADDATKTFTVTE","Y45A","","-4","kcal/mol","ddG(mAvg)_mean"
"MTYKLILNGKTLKGETTTEAVDAATAEKVFKQYANDNGVDGEWTDDDATKTFTVTE","Y45D","","-1.05","kcal/mol","ddG(mAvg)_mean"
"MTYKLILNGKTLKGETTTEAVDAATAEKVFKQYANDNGVDGEWTEDDATKTFTVTE","Y45E","","-4","kcal/mol","ddG(mAvg)_mean"
"MTYKLILNGKTLKGETTTEAVDAATAEKVFKQYANDNGVDGEWTFDDATKTFTVTE","Y45F","","-0.05214","kcal/mol","ddG(mAvg)_mean"
"MTYKLILNGKTLKGETTTEAVDAATAEKVFKQYANDNGVDGEWTGDDATKTFTVTE","Y45G","","-4","kcal/mol","ddG(mAvg)_mean"
"MTYKLILNGKTLKGETTTEAVDAATAEKVFKQYANDNGVDGEWTHDDATKTFTVTE","Y45H","","-4","kcal/mol","ddG(mAvg)_mean"
"MTYKLILNGKTLKGETTTEAVDAATAEKVFKQYANDNGVDGEWTIDDATKTFTVTE","Y45I","","-2.238","kcal/mol","ddG(mAvg)_mean"
"MTYKLILNGKTLKGETTTEAVDAATAEKVFKQYANDNGVDGEWTKDDATKTFTVTE","Y45K","","-3.124","kcal/mol","ddG(mAvg)_mean"
"MTYKLILNGKTLKGETTTEAVDAATAEKVFKQYANDNGVDGEWTLDDATKTFTVTE","Y45L","","-1.79","kcal/mol","ddG(mAvg)_mean"
"MTYKLILNGKTLKGETTTEAVDAATAEKVFKQYANDNGVDGEWTMDDATKTFTVTE","Y45M","","-2.494","kcal/mol","ddG(mAvg)_mean"
"MTYKLILNGKTLKGETTTEAVDAATAEKVFKQYANDNGVDGEWTNDDATKTFTVTE","Y45N","","-4","kcal/mol","ddG(mAvg)_mean"
"MTYKLILNGKTLKGETTTEAVDAATAEKVFKQYANDNGVDGEWTPDDATKTFTVTE","Y45P","","-4","kcal/mol","ddG(mAvg)_mean"
"MTYKLILNGKTLKGETTTEAVDAATAEKVFKQYANDNGVDGEWTQDDATKTFTVTE","Y45Q","","-4","kcal/mol","ddG(mAvg)_mean"
"MTYKLILNGKTLKGETTTEAVDAATAEKVFKQYANDNGVDGEWTRDDATKTFTVTE","Y45R","","-2.224","kcal/mol","ddG(mAvg)_mean"
"MTYKLILNGKTLKGETTTEAVDAATAEKVFKQYANDNGVDGEWTSDDATKTFTVTE","Y45S","","-2.968","kcal/mol","ddG(mAvg)_mean"
"MTYKLILNGKTLKGETTTEAVDAATAEKVFKQYANDNGVDGEWTTDDATKTFTVTE","Y45T","","-4","kcal/mol","ddG(mAvg)_mean"
"MTYKLILNGKTLKGETTTEAVDAATAEKVFKQYANDNGVDGEWTVDDATKTFTVTE","Y45V","","-2.526","kcal/mol","ddG(mAvg)_mean"
"MTYKLILNGKTLKGETTTEAVDAATAEKVFKQYANDNGVDGEWTYADATKTFTVTE","D46A","","-1.828","kcal/mol","ddG(mAvg)_mean"
"MTYKLILNGKTLKGETTTEAVDAATAEKVFKQYANDNGVDGEWTYDAATKTFTVTE","D47A","","0.2221","kcal/mol","ddG(mAvg)_mean"
"MTYKLILNGKTLKGETTTEAVDAATAEKVFKQYANDNGVDGEWTYDDAAKTFTVTE","T49A","","-0.5603","kcal/mol","ddG(mAvg)_mean"
"MTYKLILNGKTLKGETTTEAVDAATAEKVFKQYANDNGVDGEWTYDDADKTFTVTE","T49D","","-0.8437","kcal/mol","ddG(mAvg)_mean"
"MTYKLILNGKTLKGETTTEAVDAATAEKVFKQYANDNGVDGEWTYDDAEKTFTVTE","T49E","","-0.3464","kcal/mol","ddG(mAvg)_mean"
"MTYKLILNGKTLKGETTTEAVDAATAEKVFKQYANDNGVDGEWTYDDAFKTFTVTE","T49F","","-0.6914","kcal/mol","ddG(mAvg)_mean"
"MTYKLILNGKTLKGETTTEAVDAATAEKVFKQYANDNGVDGEWTYDDAGKTFTVTE","T49G","","-0.9138","kcal/mol","ddG(mAvg)_mean"
"MTYKLILNGKTLKGETTTEAVDAATAEKVFKQYANDNGVDGEWTYDDAHKTFTVTE","T49H","","-0.4735","kcal/mol","ddG(mAvg)_mean"
"MTYKLILNGKTLKGETTTEAVDAATAEKVFKQYANDNGVDGEWTYDDAIKTFTVTE","T49I","","-0.3294","kcal/mol","ddG(mAvg)_mean"
"MTYKLILNGKTLKGETTTEAVDAATAEKVFKQYANDNGVDGEWTYDDAKKTFTVTE","T49K","","-0.03498","kcal/mol","ddG(mAvg)_mean"
"MTYKLILNGKTLKGETTTEAVDAATAEKVFKQYANDNGVDGEWTYDDALKTFTVTE","T49L","","0.205","kcal/mol","ddG(mAvg)_mean"
"MTYKLILNGKTLKGETTTEAVDAATAEKVFKQYANDNGVDGEWTYDDAMKTFTVTE","T49M","","-0.4494","kcal/mol","ddG(mAvg)_mean"
"MTYKLILNGKTLKGETTTEAVDAATAEKVFKQYANDNGVDGEWTYDDANKTFTVTE","T49N","","0.07347","kcal/mol","ddG(mAvg)_mean"
"MTYKLILNGKTLKGETTTEAVDAATAEKVFKQYANDNGVDGEWTYDDAPKTFTVTE","T49P","","-4","kcal/mol","ddG(mAvg)_mean"
"MTYKLILNGKTLKGETTTEAVDAATAEKVFKQYANDNGVDGEWTYDDAQKTFTVTE","T49Q","","-0.389","kcal/mol","ddG(mAvg)_mean"
"MTYKLILNGKTLKGETTTEAVDAATAEKVFKQYANDNGVDGEWTYDDARKTFTVTE","T49R","","-0.4665","kcal/mol","ddG(mAvg)_mean"
"MTYKLILNGKTLKGETTTEAVDAATAEKVFKQYANDNGVDGEWTYDDASKTFTVTE","T49S","","0.1832","kcal/mol","ddG(mAvg)_mean"
"MTYKLILNGKTLKGETTTEAVDAATAEKVFKQYANDNGVDGEWTYDDATATFTVTE","K50A","","-0.1937","kcal/mol","ddG(mAvg)_mean"
"MTYKLILNGKTLKGETTTEAVDAATAEKVFKQYANDNGVDGEWTYDDATDTFTVTE","K50D","","-1.329","kcal/mol","ddG(mAvg)_mean"
"MTYKLILNGKTLKGETTTEAVDAATAEKVFKQYANDNGVDGEWTYDDATETFTVTE","K50E","","-1.087","kcal/mol","ddG(mAvg)_mean"
"MTYKLILNGKTLKGETTTEAVDAATAEKVFKQYANDNGVDGEWTYDDATFTFTVTE","K50F","","0.3438","kcal/mol","ddG(mAvg)_mean"
"MTYKLILNGKTLKGETTTEAVDAATAEKVFKQYANDNGVDGEWTYDDATGTFTVTE","K50G","","-0.2322","kcal/mol","ddG(mAvg)_mean"
"MTYKLILNGKTLKGETTTEAVDAATAEKVFKQYANDNGVDGEWTYDDATHTFTVTE","K50H","","0.8224","kcal/mol","ddG(mAvg)_mean"
"MTYKLILNGKTLKGETTTEAVDAATAEKVFKQYANDNGVDGEWTYDDATITFTVTE","K50I","","-1.524","kcal/mol","ddG(mAvg)_mean"
"MTYKLILNGKTLKGETTTEAVDAATAEKVFKQYANDNGVDGEWTYDDATKAFTVTE","T51A","","-1.098","kcal/mol","ddG(mAvg)_mean"
"MTYKLILNGKTLKGETTTEAVDAATAEKVFKQYANDNGVDGEWTYDDATKDFTVTE","T51D","","-3.311","kcal/mol","ddG(mAvg)_mean"
"MTYKLILNGKTLKGETTTEAVDAATAEKVFKQYANDNGVDGEWTYDDATKEFTVTE","T51E","","-0.762","kcal/mol","ddG(mAvg)_mean"
"MTYKLILNGKTLKGETTTEAVDAATAEKVFKQYANDNGVDGEWTYDDATKFFTVTE","T51F","","-4","kcal/mol","ddG(mAvg)_mean"
"MTYKLILNGKTLKGETTTEAVDAATAEKVFKQYANDNGVDGEWTYDDATKGFTVTE","T51G","","-2.483","kcal/mol","ddG(mAvg)_mean"
"MTYKLILNGKTLKGETTTEAVDAATAEKVFKQYANDNGVDGEWTYDDATKHFTVTE","T51H","","-2.158","kcal/mol","ddG(mAvg)_mean"
"MTYKLILNGKTLKGETTTEAVDAATAEKVFKQYANDNGVDGEWTYDDATKIFTVTE","T51I","","-0.3024","kcal/mol","ddG(mAvg)_mean"
"MTYKLILNGKTLKGETTTEAVDAATAEKVFKQYANDNGVDGEWTYDDATKKFTVTE","T51K","","-1.384","kcal/mol","ddG(mAvg)_mean"
"MTYKLILNGKTLKGETTTEAVDAATAEKVFKQYANDNGVDGEWTYDDATKLFTVTE","T51L","","-1.049","kcal/mol","ddG(mAvg)_mean"
"MTYKLILNGKTLKGETTTEAVDAATAEKVFKQYANDNGVDGEWTYDDATKMFTVTE","T51M","","-0.9797","kcal/mol","ddG(mAvg)_mean"
"MTYKLILNGKTLKGETTTEAVDAATAEKVFKQYANDNGVDGEWTYDDATKNFTVTE","T51N","","-2.194","kcal/mol","ddG(mAvg)_mean"
"MTYKLILNGKTLKGETTTEAVDAATAEKVFKQYANDNGVDGEWTYDDATKPFTVTE","T51P","","-4","kcal/mol","ddG(mAvg)_mean"
"MTYKLILNGKTLKGETTTEAVDAATAEKVFKQYANDNGVDGEWTYDDATKQFTVTE","T51Q","","-1.033","kcal/mol","ddG(mAvg)_mean"
"MTYKLILNGKTLKGETTTEAVDAATAEKVFKQYANDNGVDGEWTYDDATKRFTVTE","T51R","","-1.846","kcal/mol","ddG(mAvg)_mean"
"MTYKLILNGKTLKGETTTEAVDAATAEKVFKQYANDNGVDGEWTYDDATKSFTVTE","T51S","","-0.6244","kcal/mol","ddG(mAvg)_mean"
"MTYKLILNGKTLKGETTTEAVDAATAEKVFKQYANDNGVDGEWTYDDATKTATVTE","F52A","","-4","kcal/mol","ddG(mAvg)_mean"
"MTYKLILNGKTLKGETTTEAVDAATAEKVFKQYANDNGVDGEWTYDDATKTDTVTE","F52D","","-4","kcal/mol","ddG(mAvg)_mean"
"MTYKLILNGKTLKGETTTEAVDAATAEKVFKQYANDNGVDGEWTYDDATKTETVTE","F52E","","-4","kcal/mol","ddG(mAvg)_mean"
"MTYKLILNGKTLKGETTTEAVDAATAEKVFKQYANDNGVDGEWTYDDATKTFAVTE","T53A","","-1.182","kcal/mol","ddG(mAvg)_mean"
"MTYKLILNGKTLKGETTTEAVDAATAEKVFKQYANDNGVDGEWTYDDATKTFDVTE","T53D","","-1.704","kcal/mol","ddG(mAvg)_mean"
"MTYKLILNGKTLKGETTTEAVDAATAEKVFKQYANDNGVDGEWTYDDATKTFEVTE","T53E","","-0.2464","kcal/mol","ddG(mAvg)_mean"
"MTYKLILNGKTLKGETTTEAVDAATAEKVFKQYANDNGVDGEWTYDDATKTFFVTE","T53F","","-0.01734","kcal/mol","ddG(mAvg)_mean"
"MTYKLILNGKTLKGETTTEAVDAATAEKVFKQYANDNGVDGEWTYDDATKTFGVTE","T53G","","-4","kcal/mol","ddG(mAvg)_mean"
"MTYKLILNGKTLKGETTTEAVDAATAEKVFKQYANDNGVDGEWTYDDATKTFHVTE","T53H","","-0.9795","kcal/mol","ddG(mAvg)_mean"
"MTYKLILNGKTLKGETTTEAVDAATAEKVFKQYANDNGVDGEWTYDDATKTFIVTE","T53I","","-0.0538","kcal/mol","ddG(mAvg)_mean"
"MTYKLILNGKTLKGETTTEAVDAATAEKVFKQYANDNGVDGEWTYDDATKTFKVTE","T53K","","-0.4461","kcal/mol","ddG(mAvg)_mean"
"MTYKLILNGKTLKGETTTEAVDAATAEKVFKQYANDNGVDGEWTYDDATKTFLVTE","T53L","","-0.3705","kcal/mol","ddG(mAvg)_mean"
"MTYKLILNGKTLKGETTTEAVDAATAEKVFKQYANDNGVDGEWTYDDATKTFMVTE","T53M","","0.1526","kcal/mol","ddG(mAvg)_mean"
"MTYKLILNGKTLKGETTTEAVDAATAEKVFKQYANDNGVDGEWTYDDATKTFNVTE","T53N","","-0.6512","kcal/mol","ddG(mAvg)_mean"
"MTYKLILNGKTLKGETTTEAVDAATAEKVFKQYANDNGVDGEWTYDDATKTFPVTE","T53P","","-4","kcal/mol","ddG(mAvg)_mean"
"MTYKLILNGKTLKGETTTEAVDAATAEKVFKQYANDNGVDGEWTYDDATKTFQVTE","T53Q","","-0.3506","kcal/mol","ddG(mAvg)_mean"
"MTYKLILNGKTLKGETTTEAVDAATAEKVFKQYANDNGVDGEWTYDDATKTFRVTE","T53R","","-0.2691","kcal/mol","ddG(mAvg)_mean"
"MTYKLILNGKTLKGETTTEAVDAATAEKVFKQYANDNGVDGEWTYDDATKTFSVTE","T53S","","-0.4351","kcal/mol","ddG(mAvg)_mean"
"MTYKLILNGKTLKGETTTEAVDAATAEKVFKQYANDNGVDGEWTYDDATKTFTATE","V54A","","-1.889","kcal/mol","ddG(mAvg)_mean"
"MTYKLILNGKTLKGETTTEAVDAATAEKVFKQYANDNGVDGEWTYDDATKTFTDTE","V54D","","-2.667","kcal/mol","ddG(mAvg)_mean"
"MTYKLILNGKTLKGETTTEAVDAATAEKVFKQYANDNGVDGEWTYDDATKTFTETE","V54E","","-4","kcal/mol","ddG(mAvg)_mean"
"MTYKLILNGKTLKGETTTEAVDAATAEKVFKQYANDNGVDGEWTYDDATKTFTFTE","V54F","","-1.638","kcal/mol","ddG(mAvg)_mean"
"MTYKLILNGKTLKGETTTEAVDAATAEKVFKQYANDNGVDGEWTYDDATKTFTGTE","V54G","","-4","kcal/mol","ddG(mAvg)_mean"
"MTYKLILNGKTLKGETTTEAVDAATAEKVFKQYANDNGVDGEWTYDDATKTFTHTE","V54H","","-4","kcal/mol","ddG(mAvg)_mean"
"MTYKLILNGKTLKGETTTEAVDAATAEKVFKQYANDNGVDGEWTYDDATKTFTITE","V54I","","0.2612","kcal/mol","ddG(mAvg)_mean"
"MTYKLILNGKTLKGETTTEAVDAATAEKVFKQYANDNGVDGEWTYDDATKTFTKTE","V54K","","-4","kcal/mol","ddG(mAvg)_mean"
"MTYKLILNGKTLKGETTTEAVDAATAEKVFKQYANDNGVDGEWTYDDATKTFTLTE","V54L","","-0.07873","kcal/mol","ddG(mAvg)_mean"
"MTYKLILNGKTLKGETTTEAVDAATAEKVFKQYANDNGVDGEWTYDDATKTFTMTE","V54M","","-0.6845","kcal/mol","ddG(mAvg)_mean"
"MTYKLILNGKTLKGETTTEAVDAATAEKVFKQYANDNGVDGEWTYDDATKTFTNTE","V54N","","-4","kcal/mol","ddG(mAvg)_mean"
"MTYKLILNGKTLKGETTTEAVDAATAEKVFKQYANDNGVDGEWTYDDATKTFTPTE","V54P","","0.422","kcal/mol","ddG(mAvg)_mean"
"MTYKLILNGKTLKGETTTEAVDAATAEKVFKQYANDNGVDGEWTYDDATKTFTQTE","V54Q","","-2.905","kcal/mol","ddG(mAvg)_mean"
"MTYKLILNGKTLKGETTTEAVDAATAEKVFKQYANDNGVDGEWTYDDATKTFTRTE","V54R","","-4","kcal/mol","ddG(mAvg)_mean"
"MTYKLILNGKTLKGETTTEAVDAATAEKVFKQYANDNGVDGEWTYDDATKTFTSTE","V54S","","-1.542","kcal/mol","ddG(mAvg)_mean"
"MTYKLILNGKTLKGETTTEAVDAATAEKVFKQYANDNGVDGEWTYDDATKTFTTTE","V54T","","-1.676","kcal/mol","ddG(mAvg)_mean"
"MTYKLILNGKTLKGETTTEAVDAATAEKVFKQYANDNGVDGEWTYDDATKTFTVAE","T55A","","-0.7046","kcal/mol","ddG(mAvg)_mean"
"MTYKLILNGKTLKGETTTEAVDAATAEKVFKQYANDNGVDGEWTYDDATKTFTVDE","T55D","","-0.3296","kcal/mol","ddG(mAvg)_mean"
"MTYKLILNGKTLKGETTTEAVDAATAEKVFKQYANDNGVDGEWTYDDATKTFTVEE","T55E","","-0.3561","kcal/mol","ddG(mAvg)_mean"
"MTYKLILNGKTLKGETTTEAVDAATAEKVFKQYANDNGVDGEWTYDDATKTFTVFE","T55F","","-0.1949","kcal/mol","ddG(mAvg)_mean"
"MTYKLILNGKTLKGETTTEAVDAATAEKVFKQYANDNGVDGEWTYDDATKTFTVGE","T55G","","-0.981","kcal/mol","ddG(mAvg)_mean"
"MTYKLILNGKTLKGETTTEAVDAATAEKVFKQYANDNGVDGEWTYDDATKTFTVHE","T55H","","-0.662","kcal/mol","ddG(mAvg)_mean"
"MTYKLILNGKTLKGETTTEAVDAATAEKVFKQYANDNGVDGEWTYDDATKTFTVIE","T55I","","-0.2417","kcal/mol","ddG(mAvg)_mean"
"MTYKLILNGKTLKGETTTEAVDAATAEKVFKQYANDNGVDGEWTYDDATKTFTVKE","T55K","","-0.637","kcal/mol","ddG(mAvg)_mean"
"MTYKLILNGKTLKGETTTEAVDAATAEKVFKQYANDNGVDGEWTYDDATKTFTVLE","T55L","","-0.2955","kcal/mol","ddG(mAvg)_mean"
"MTYKLILNGKTLKGETTTEAVDAATAEKVFKQYANDNGVDGEWTYDDATKTFTVME","T55M","","-0.4753","kcal/mol","ddG(mAvg)_mean"
"MTYKLILNGKTLKGETTTEAVDAATAEKVFKQYANDNGVDGEWTYDDATKTFTVNE","T55N","","0.3415","kcal/mol","ddG(mAvg)_mean"
"MTYKLILNGKTLKGETTTEAVDAATAEKVFKQYANDNGVDGEWTYDDATKTFTVPE","T55P","","-4","kcal/mol","ddG(mAvg)_mean"
"MTYKLILNGKTLKGETTTEAVDAATAEKVFKQYANDNGVDGEWTYDDATKTFTVQE","T55Q","","-0.03916","kcal/mol","ddG(mAvg)_mean"
"MTYKLILNGKTLKGETTTEAVDAATAEKVFKQYANDNGVDGEWTYDDATKTFTVRE","T55R","","-0.131","kcal/mol","ddG(mAvg)_mean"
"MTYKLILNGKTLKGETTTEAVDAATAEKVFKQYANDNGVDGEWTYDDATKTFTVSE","T55S","","0.3475","kcal/mol","ddG(mAvg)_mean"
"MTYKLILNGKTLKGETTTEAVDAATAEKVFKQYANDNGVDGEWTYDDATKTFTVTA","E56A","","-0.1844","kcal/mol","ddG(mAvg)_mean"
"MTYKLILNGKTLKGETTTEAVDAATAEKVFKQYANDNGVDGEWTYDDATKTFTVTD","E56D","","-0.1048","kcal/mol","ddG(mAvg)_mean"
"MTYKLILNGKTLKGETTTEAVDAATAEKVFKQYANDNGVDGEWTYDDATKTFTVTF","E56F","","1.03","kcal/mol","ddG(mAvg)_mean"
"MTYKLILNGKTLKGETTTEAVDAATAEKVFKQYANDNGVDGEWTYDDATKTFTVTG","E56G","","-0.3161","kcal/mol","ddG(mAvg)_mean"
"MTYKLILNGKTLKGETTTEAVDAATAEKVFKQYANDNGVDGEWTYDDATKTFTVTH","E56H","","-1.057","kcal/mol","ddG(mAvg)_mean"
"MTYKLILNGKTLKGETTTEAVDAATAEKVFKQYANDNGVDGEWTYDDATKTFTVTI","E56I","","0.01867","kcal/mol","ddG(mAvg)_mean"
"MTYKLILNGKTLKGETTTEAVDAATAEKVFKQYANDNGVDGEWTYDDATKTFTVTK","E56K","","-1.043","kcal/mol","ddG(mAvg)_mean"
"MTYKLILNGKTLKGETTTEAVDAATAEKVFKQYANDNGVDGEWTYDDATKTFTVTL","E56L","","-0.1419","kcal/mol","ddG(mAvg)_mean"
"MTYKLILNGKTLKGETTTEAVDAATAEKVFKQYANDNGVDGEWTYDDATKTFTVTM","E56M","","-0.2874","kcal/mol","ddG(mAvg)_mean"
"MTYKLILNGKTLKGETTTEAVDAATAEKVFKQYANDNGVDGEWTYDDATKTFTVTN","E56N","","0.1297","kcal/mol","ddG(mAvg)_mean"
"MTYKLILNGKTLKGETTTEAVDAATAEKVFKQYANDNGVDGEWTYDDATKTFTVTP","E56P","","-0.6575","kcal/mol","ddG(mAvg)_mean"
"MTYKLILNGKTLKGETTTEAVDAATAEKVFKQYANDNGVDGEWTYDDATKTFTVTQ","E56Q","","0.2083","kcal/mol","ddG(mAvg)_mean"
"MTYKLILNGKTLKGETTTEAVDAATAEKVFKQYANDNGVDGEWTYDDATKTFTVTR","E56R","","-1.339","kcal/mol","ddG(mAvg)_mean"
"MTYKLILNGKTLKGETTTEAVDAATAEKVFKQYANDNGVDGEWTYDDATKTFTVTS","E56S","","-0.1691","kcal/mol","ddG(mAvg)_mean"
"MTYKLILNGKTLKGETTTEAVDAATAEKVFKQYANDNGVDGEWTYDDATKTFTVTT","E56T","","-0.2044","kcal/mol","ddG(mAvg)_mean"
"MTYKLILNGKTLKGETTTEAVDAATAEKVFKQYANDNGVDGEWTYDDATKTFTVTV","E56V","","-0.2482","kcal/mol","ddG(mAvg)_mean"
"MTYKLILNGKTLKGETTTEAVDAATAEKVFKQYANDNGVDGEWTYDDATKTFTVTY","E56Y","","0.6801","kcal/mol","ddG(mAvg)_mean"
"MTYKLILNGKTLKGETTTEAVDAATAEKVFKQYANDNGVDGEWTYDDATKTFTVVE","T55V","","-0.2301","kcal/mol","ddG(mAvg)_mean"
"MTYKLILNGKTLKGETTTEAVDAATAEKVFKQYANDNGVDGEWTYDDATKTFTVYE","T55Y","","-0.1379","kcal/mol","ddG(mAvg)_mean"
"MTYKLILNGKTLKGETTTEAVDAATAEKVFKQYANDNGVDGEWTYDDATKTFTYTE","V54Y","","-1.728","kcal/mol","ddG(mAvg)_mean"
"MTYKLILNGKTLKGETTTEAVDAATAEKVFKQYANDNGVDGEWTYDDATKTFVVTE","T53V","","-0.1104","kcal/mol","ddG(mAvg)_mean"
"MTYKLILNGKTLKGETTTEAVDAATAEKVFKQYANDNGVDGEWTYDDATKTFYVTE","T53Y","","0.2362","kcal/mol","ddG(mAvg)_mean"
"MTYKLILNGKTLKGETTTEAVDAATAEKVFKQYANDNGVDGEWTYDDATKTGTVTE","F52G","","-4","kcal/mol","ddG(mAvg)_mean"
"MTYKLILNGKTLKGETTTEAVDAATAEKVFKQYANDNGVDGEWTYDDATKTHTVTE","F52H","","-2.656","kcal/mol","ddG(mAvg)_mean"
"MTYKLILNGKTLKGETTTEAVDAATAEKVFKQYANDNGVDGEWTYDDATKTITVTE","F52I","","-0.2429","kcal/mol","ddG(mAvg)_mean"
"MTYKLILNGKTLKGETTTEAVDAATAEKVFKQYANDNGVDGEWTYDDATKTKTVTE","F52K","","-4","kcal/mol","ddG(mAvg)_mean"
"MTYKLILNGKTLKGETTTEAVDAATAEKVFKQYANDNGVDGEWTYDDATKTLTVTE","F52L","","-2.526","kcal/mol","ddG(mAvg)_mean"
"MTYKLILNGKTLKGETTTEAVDAATAEKVFKQYANDNGVDGEWTYDDATKTMTVTE","F52M","","-2.706","kcal/mol","ddG(mAvg)_mean"
"MTYKLILNGKTLKGETTTEAVDAATAEKVFKQYANDNGVDGEWTYDDATKTNTVTE","F52N","","-4","kcal/mol","ddG(mAvg)_mean"
"MTYKLILNGKTLKGETTTEAVDAATAEKVFKQYANDNGVDGEWTYDDATKTPTVTE","F52P","","-1.719","kcal/mol","ddG(mAvg)_mean"
"MTYKLILNGKTLKGETTTEAVDAATAEKVFKQYANDNGVDGEWTYDDATKTQTVTE","F52Q","","-4","kcal/mol","ddG(mAvg)_mean"
"MTYKLILNGKTLKGETTTEAVDAATAEKVFKQYANDNGVDGEWTYDDATKTRTVTE","F52R","","-4","kcal/mol","ddG(mAvg)_mean"
"MTYKLILNGKTLKGETTTEAVDAATAEKVFKQYANDNGVDGEWTYDDATKTSTVTE","F52S","","-4","kcal/mol","ddG(mAvg)_mean"
"MTYKLILNGKTLKGETTTEAVDAATAEKVFKQYANDNGVDGEWTYDDATKTTTVTE","F52T","","-4","kcal/mol","ddG(mAvg)_mean"
"MTYKLILNGKTLKGETTTEAVDAATAEKVFKQYANDNGVDGEWTYDDATKTVTVTE","F52V","","-2.992","kcal/mol","ddG(mAvg)_mean"
"MTYKLILNGKTLKGETTTEAVDAATAEKVFKQYANDNGVDGEWTYDDATKTYTVTE","F52Y","","-0.3431","kcal/mol","ddG(mAvg)_mean"
"MTYKLILNGKTLKGETTTEAVDAATAEKVFKQYANDNGVDGEWTYDDATKVFTVTE","T51V","","-0.5016","kcal/mol","ddG(mAvg)_mean"
"MTYKLILNGKTLKGETTTEAVDAATAEKVFKQYANDNGVDGEWTYDDATKYFTVTE","T51Y","","-1.635","kcal/mol","ddG(mAvg)_mean"
"MTYKLILNGKTLKGETTTEAVDAATAEKVFKQYANDNGVDGEWTYDDATLTFTVTE","K50L","","0.5464","kcal/mol","ddG(mAvg)_mean"
"MTYKLILNGKTLKGETTTEAVDAATAEKVFKQYANDNGVDGEWTYDDATMTFTVTE","K50M","","-0.05043","kcal/mol","ddG(mAvg)_mean"
"MTYKLILNGKTLKGETTTEAVDAATAEKVFKQYANDNGVDGEWTYDDATNTFTVTE","K50N","","0.3757","kcal/mol","ddG(mAvg)_mean"
"MTYKLILNGKTLKGETTTEAVDAATAEKVFKQYANDNGVDGEWTYDDATPTFTVTE","K50P","","-4","kcal/mol","ddG(mAvg)_mean"
"MTYKLILNGKTLKGETTTEAVDAATAEKVFKQYANDNGVDGEWTYDDATQTFTVTE","K50Q","","1.167","kcal/mol","ddG(mAvg)_mean"
"MTYKLILNGKTLKGETTTEAVDAATAEKVFKQYANDNGVDGEWTYDDATRTFTVTE","K50R","","0.7618","kcal/mol","ddG(mAvg)_mean"
"MTYKLILNGKTLKGETTTEAVDAATAEKVFKQYANDNGVDGEWTYDDATSTFTVTE","K50S","","-0.2897","kcal/mol","ddG(mAvg)_mean"
"MTYKLILNGKTLKGETTTEAVDAATAEKVFKQYANDNGVDGEWTYDDATTTFTVTE","K50T","","-1.168","kcal/mol","ddG(mAvg)_mean"
"MTYKLILNGKTLKGETTTEAVDAATAEKVFKQYANDNGVDGEWTYDDATVTFTVTE","K50V","","-1.345","kcal/mol","ddG(mAvg)_mean"
"MTYKLILNGKTLKGETTTEAVDAATAEKVFKQYANDNGVDGEWTYDDATYTFTVTE","K50Y","","0.4603","kcal/mol","ddG(mAvg)_mean"
"MTYKLILNGKTLKGETTTEAVDAATAEKVFKQYANDNGVDGEWTYDDAVKTFTVTE","T49V","","-0.499","kcal/mol","ddG(mAvg)_mean"
"MTYKLILNGKTLKGETTTEAVDAATAEKVFKQYANDNGVDGEWTYDDAYKTFTVTE","T49Y","","-0.8254","kcal/mol","ddG(mAvg)_mean"
"MTYKLILNGKTLKGETTTEAVDAATAEKVFKQYANDNGVDGEWTYDDDTKTFTVTE","A48D","","0.3508","kcal/mol","ddG(mAvg)_mean"
"MTYKLILNGKTLKGETTTEAVDAATAEKVFKQYANDNGVDGEWTYDDETKTFTVTE","A48E","","0.4587","kcal/mol","ddG(mAvg)_mean"
"MTYKLILNGKTLKGETTTEAVDAATAEKVFKQYANDNGVDGEWTYDDFTKTFTVTE","A48F","","0.004024","kcal/mol","ddG(mAvg)_mean"
"MTYKLILNGKTLKGETTTEAVDAATAEKVFKQYANDNGVDGEWTYDDGTKTFTVTE","A48G","","-0.1165","kcal/mol","ddG(mAvg)_mean"
"MTYKLILNGKTLKGETTTEAVDAATAEKVFKQYANDNGVDGEWTYDDHTKTFTVTE","A48H","","-0.08335","kcal/mol","ddG(mAvg)_mean"
"MTYKLILNGKTLKGETTTEAVDAATAEKVFKQYANDNGVDGEWTYDDITKTFTVTE","A48I","","0.06508","kcal/mol","ddG(mAvg)_mean"
"MTYKLILNGKTLKGETTTEAVDAATAEKVFKQYANDNGVDGEWTYDDKTKTFTVTE","A48K","","0.4986","kcal/mol","ddG(mAvg)_mean"
"MTYKLILNGKTLKGETTTEAVDAATAEKVFKQYANDNGVDGEWTYDDLTKTFTVTE","A48L","","0.5142","kcal/mol","ddG(mAvg)_mean"
"MTYKLILNGKTLKGETTTEAVDAATAEKVFKQYANDNGVDGEWTYDDMTKTFTVTE","A48M","","-0.03654","kcal/mol","ddG(mAvg)_mean"
"MTYKLILNGKTLKGETTTEAVDAATAEKVFKQYANDNGVDGEWTYDDNTKTFTVTE","A48N","","0.1345","kcal/mol","ddG(mAvg)_mean"
"MTYKLILNGKTLKGETTTEAVDAATAEKVFKQYANDNGVDGEWTYDDPTKTFTVTE","A48P","","0.01175","kcal/mol","ddG(mAvg)_mean"
"MTYKLILNGKTLKGETTTEAVDAATAEKVFKQYANDNGVDGEWTYDDQTKTFTVTE","A48Q","","0.5385","kcal/mol","ddG(mAvg)_mean"
"MTYKLILNGKTLKGETTTEAVDAATAEKVFKQYANDNGVDGEWTYDDRTKTFTVTE","A48R","","0.1224","kcal/mol","ddG(mAvg)_mean"
"MTYKLILNGKTLKGETTTEAVDAATAEKVFKQYANDNGVDGEWTYDDSTKTFTVTE","A48S","","0.2873","kcal/mol","ddG(mAvg)_mean"
"MTYKLILNGKTLKGETTTEAVDAATAEKVFKQYANDNGVDGEWTYDDTTKTFTVTE","A48T","","0.1552","kcal/mol","ddG(mAvg)_mean"
"MTYKLILNGKTLKGETTTEAVDAATAEKVFKQYANDNGVDGEWTYDDVTKTFTVTE","A48V","","0.3335","kcal/mol","ddG(mAvg)_mean"
"MTYKLILNGKTLKGETTTEAVDAATAEKVFKQYANDNGVDGEWTYDDYTKTFTVTE","A48Y","","0.4127","kcal/mol","ddG(mAvg)_mean"
"MTYKLILNGKTLKGETTTEAVDAATAEKVFKQYANDNGVDGEWTYDEATKTFTVTE","D47E","","0.6884","kcal/mol","ddG(mAvg)_mean"
"MTYKLILNGKTLKGETTTEAVDAATAEKVFKQYANDNGVDGEWTYDFATKTFTVTE","D47F","","0.5808","kcal/mol","ddG(mAvg)_mean"
"MTYKLILNGKTLKGETTTEAVDAATAEKVFKQYANDNGVDGEWTYDGATKTFTVTE","D47G","","0.2496","kcal/mol","ddG(mAvg)_mean"
"MTYKLILNGKTLKGETTTEAVDAATAEKVFKQYANDNGVDGEWTYDHATKTFTVTE","D47H","","-0.1733","kcal/mol","ddG(mAvg)_mean"
"MTYKLILNGKTLKGETTTEAVDAATAEKVFKQYANDNGVDGEWTYDIATKTFTVTE","D47I","","0.7419","kcal/mol","ddG(mAvg)_mean"
"MTYKLILNGKTLKGETTTEAVDAATAEKVFKQYANDNGVDGEWTYDKATKTFTVTE","D47K","","0.3256","kcal/mol","ddG(mAvg)_mean"
"MTYKLILNGKTLKGETTTEAVDAATAEKVFKQYANDNGVDGEWTYDLATKTFTVTE","D47L","","-0.3316","kcal/mol","ddG(mAvg)_mean"
"MTYKLILNGKTLKGETTTEAVDAATAEKVFKQYANDNGVDGEWTYDMATKTFTVTE","D47M","","-0.7547","kcal/mol","ddG(mAvg)_mean"
"MTYKLILNGKTLKGETTTEAVDAATAEKVFKQYANDNGVDGEWTYDNATKTFTVTE","D47N","","0.3454","kcal/mol","ddG(mAvg)_mean"
"MTYKLILNGKTLKGETTTEAVDAATAEKVFKQYANDNGVDGEWTYDPATKTFTVTE","D47P","","0.8987","kcal/mol","ddG(mAvg)_mean"
"MTYKLILNGKTLKGETTTEAVDAATAEKVFKQYANDNGVDGEWTYDQATKTFTVTE","D47Q","","0.5846","kcal/mol","ddG(mAvg)_mean"
"MTYKLILNGKTLKGETTTEAVDAATAEKVFKQYANDNGVDGEWTYDRATKTFTVTE","D47R","","0.1762","kcal/mol","ddG(mAvg)_mean"
"MTYKLILNGKTLKGETTTEAVDAATAEKVFKQYANDNGVDGEWTYDSATKTFTVTE","D47S","","0.4559","kcal/mol","ddG(mAvg)_mean"
"MTYKLILNGKTLKGETTTEAVDAATAEKVFKQYANDNGVDGEWTYDTATKTFTVTE","D47T","","-0.06607","kcal/mol","ddG(mAvg)_mean"
"MTYKLILNGKTLKGETTTEAVDAATAEKVFKQYANDNGVDGEWTYDVATKTFTVTE","D47V","","-0.00552","kcal/mol","ddG(mAvg)_mean"
"MTYKLILNGKTLKGETTTEAVDAATAEKVFKQYANDNGVDGEWTYDYATKTFTVTE","D47Y","","0.3546","kcal/mol","ddG(mAvg)_mean"
"MTYKLILNGKTLKGETTTEAVDAATAEKVFKQYANDNGVDGEWTYEDATKTFTVTE","D46E","","-0.0487","kcal/mol","ddG(mAvg)_mean"
"MTYKLILNGKTLKGETTTEAVDAATAEKVFKQYANDNGVDGEWTYFDATKTFTVTE","D46F","","-0.5241","kcal/mol","ddG(mAvg)_mean"
"MTYKLILNGKTLKGETTTEAVDAATAEKVFKQYANDNGVDGEWTYGDATKTFTVTE","D46G","","-2.667","kcal/mol","ddG(mAvg)_mean"
"MTYKLILNGKTLKGETTTEAVDAATAEKVFKQYANDNGVDGEWTYHDATKTFTVTE","D46H","","-0.8399","kcal/mol","ddG(mAvg)_mean"
"MTYKLILNGKTLKGETTTEAVDAATAEKVFKQYANDNGVDGEWTYIDATKTFTVTE","D46I","","-0.5677","kcal/mol","ddG(mAvg)_mean"
"MTYKLILNGKTLKGETTTEAVDAATAEKVFKQYANDNGVDGEWTYKDATKTFTVTE","D46K","","-0.6075","kcal/mol","ddG(mAvg)_mean"
"MTYKLILNGKTLKGETTTEAVDAATAEKVFKQYANDNGVDGEWTYLDATKTFTVTE","D46L","","-0.5259","kcal/mol","ddG(mAvg)_mean"
"MTYKLILNGKTLKGETTTEAVDAATAEKVFKQYANDNGVDGEWTYMDATKTFTVTE","D46M","","-0.8416","kcal/mol","ddG(mAvg)_mean"
"MTYKLILNGKTLKGETTTEAVDAATAEKVFKQYANDNGVDGEWTYNDATKTFTVTE","D46N","","0.472","kcal/mol","ddG(mAvg)_mean"
"MTYKLILNGKTLKGETTTEAVDAATAEKVFKQYANDNGVDGEWTYPDATKTFTVTE","D46P","","-4","kcal/mol","ddG(mAvg)_mean"
"MTYKLILNGKTLKGETTTEAVDAATAEKVFKQYANDNGVDGEWTYQDATKTFTVTE","D46Q","","-0.3826","kcal/mol","ddG(mAvg)_mean"
"MTYKLILNGKTLKGETTTEAVDAATAEKVFKQYANDNGVDGEWTYRDATKTFTVTE","D46R","","-1.716","kcal/mol","ddG(mAvg)_mean"
"MTYKLILNGKTLKGETTTEAVDAATAEKVFKQYANDNGVDGEWTYSDATKTFTVTE","D46S","","-0.1975","kcal/mol","ddG(mAvg)_mean"
"MTYKLILNGKTLKGETTTEAVDAATAEKVFKQYANDNGVDGEWTYTDATKTFTVTE","D46T","","-0.8039","kcal/mol","ddG(mAvg)_mean"
"MTYKLILNGKTLKGETTTEAVDAATAEKVFKQYANDNGVDGEWTYVDATKTFTVTE","D46V","","-0.5117","kcal/mol","ddG(mAvg)_mean"
"MTYKLILNGKTLKGETTTEAVDAATAEKVFKQYANDNGVDGEWTYYDATKTFTVTE","D46Y","","-1.309","kcal/mol","ddG(mAvg)_mean"
"MTYKLILNGKTLKGETTTEAVDAATAEKVFKQYANDNGVDGEWVYDDATKTFTVTE","T44V","","-0.1041","kcal/mol","ddG(mAvg)_mean"
"MTYKLILNGKTLKGETTTEAVDAATAEKVFKQYANDNGVDGEWYYDDATKTFTVTE","T44Y","","0.4001","kcal/mol","ddG(mAvg)_mean"
"MTYKLILNGKTLKGETTTEAVDAATAEKVFKQYANDNGVDGFWTYDDATKTFTVTE","E42F","","0.625","kcal/mol","ddG(mAvg)_mean"
"MTYKLILNGKTLKGETTTEAVDAATAEKVFKQYANDNGVDGGWTYDDATKTFTVTE","E42G","","-0.8815","kcal/mol","ddG(mAvg)_mean"
"MTYKLILNGKTLKGETTTEAVDAATAEKVFKQYANDNGVDGHWTYDDATKTFTVTE","E42H","","0.03132","kcal/mol","ddG(mAvg)_mean"
"MTYKLILNGKTLKGETTTEAVDAATAEKVFKQYANDNGVDGIWTYDDATKTFTVTE","E42I","","1.191","kcal/mol","ddG(mAvg)_mean"
"MTYKLILNGKTLKGETTTEAVDAATAEKVFKQYANDNGVDGKWTYDDATKTFTVTE","E42K","","0.6484","kcal/mol","ddG(mAvg)_mean"
"MTYKLILNGKTLKGETTTEAVDAATAEKVFKQYANDNGVDGLWTYDDATKTFTVTE","E42L","","0.607","kcal/mol","ddG(mAvg)_mean"
"MTYKLILNGKTLKGETTTEAVDAATAEKVFKQYANDNGVDGMWTYDDATKTFTVTE","E42M","","0.4159","kcal/mol","ddG(mAvg)_mean"
"MTYKLILNGKTLKGETTTEAVDAATAEKVFKQYANDNGVDGNWTYDDATKTFTVTE","E42N","","0.2477","kcal/mol","ddG(mAvg)_mean"
"MTYKLILNGKTLKGETTTEAVDAATAEKVFKQYANDNGVDGPWTYDDATKTFTVTE","E42P","","-1.255","kcal/mol","ddG(mAvg)_mean"
"MTYKLILNGKTLKGETTTEAVDAATAEKVFKQYANDNGVDGQWTYDDATKTFTVTE","E42Q","","0.7139","kcal/mol","ddG(mAvg)_mean"
"MTYKLILNGKTLKGETTTEAVDAATAEKVFKQYANDNGVDGRWTYDDATKTFTVTE","E42R","","0.5541","kcal/mol","ddG(mAvg)_mean"
"MTYKLILNGKTLKGETTTEAVDAATAEKVFKQYANDNGVDGSWTYDDATKTFTVTE","E42S","","0.005709","kcal/mol","ddG(mAvg)_mean"
"MTYKLILNGKTLKGETTTEAVDAATAEKVFKQYANDNGVDGTWTYDDATKTFTVTE","E42T","","0.1269","kcal/mol","ddG(mAvg)_mean"
"MTYKLILNGKTLKGETTTEAVDAATAEKVFKQYANDNGVDGVWTYDDATKTFTVTE","E42V","","0.2759","kcal/mol","ddG(mAvg)_mean"
"MTYKLILNGKTLKGETTTEAVDAATAEKVFKQYANDNGVDGYWTYDDATKTFTVTE","E42Y","","0.694","kcal/mol","ddG(mAvg)_mean"
"MTYKLILNGKTLKGETTTEAVDAATAEKVFKQYANDNGVDHEWTYDDATKTFTVTE","G41H","","-4","kcal/mol","ddG(mAvg)_mean"
"MTYKLILNGKTLKGETTTEAVDAATAEKVFKQYANDNGVDIEWTYDDATKTFTVTE","G41I","","0.5839","kcal/mol","ddG(mAvg)_mean"
"MTYKLILNGKTLKGETTTEAVDAATAEKVFKQYANDNGVDKEWTYDDATKTFTVTE","G41K","","-2.411","kcal/mol","ddG(mAvg)_mean"
"MTYKLILNGKTLKGETTTEAVDAATAEKVFKQYANDNGVDLEWTYDDATKTFTVTE","G41L","","-4","kcal/mol","ddG(mAvg)_mean"
"MTYKLILNGKTLKGETTTEAVDAATAEKVFKQYANDNGVDMEWTYDDATKTFTVTE","G41M","","0.1888","kcal/mol","ddG(mAvg)_mean"
"MTYKLILNGKTLKGETTTEAVDAATAEKVFKQYANDNGVDNEWTYDDATKTFTVTE","G41N","","-4","kcal/mol","ddG(mAvg)_mean"
"MTYKLILNGKTLKGETTTEAVDAATAEKVFKQYANDNGVDPEWTYDDATKTFTVTE","G41P","","-4","kcal/mol","ddG(mAvg)_mean"
"MTYKLILNGKTLKGETTTEAVDAATAEKVFKQYANDNGVDQEWTYDDATKTFTVTE","G41Q","","-4","kcal/mol","ddG(mAvg)_mean"
"MTYKLILNGKTLKGETTTEAVDAATAEKVFKQYANDNGVDREWTYDDATKTFTVTE","G41R","","0.4337","kcal/mol","ddG(mAvg)_mean"
"MTYKLILNGKTLKGETTTEAVDAATAEKVFKQYANDNGVDSEWTYDDATKTFTVTE","G41S","","-4","kcal/mol","ddG(mAvg)_mean"
"MTYKLILNGKTLKGETTTEAVDAATAEKVFKQYANDNGVDTEWTYDDATKTFTVTE","G41T","","-4","kcal/mol","ddG(mAvg)_mean"
"MTYKLILNGKTLKGETTTEAVDAATAEKVFKQYANDNGVDVEWTYDDATKTFTVTE","G41V","","-4","kcal/mol","ddG(mAvg)_mean"
"MTYKLILNGKTLKGETTTEAVDAATAEKVFKQYANDNGVDYEWTYDDATKTFTVTE","G41Y","","-2.488","kcal/mol","ddG(mAvg)_mean"
"MTYKLILNGKTLKGETTTEAVDAATAEKVFKQYANDNGVEGEWTYDDATKTFTVTE","D40E","","0.5006","kcal/mol","ddG(mAvg)_mean"
"MTYKLILNGKTLKGETTTEAVDAATAEKVFKQYANDNGVFGEWTYDDATKTFTVTE","D40F","","0.8243","kcal/mol","ddG(mAvg)_mean"
"MTYKLILNGKTLKGETTTEAVDAATAEKVFKQYANDNGVGGEWTYDDATKTFTVTE","D40G","","-0.1589","kcal/mol","ddG(mAvg)_mean"
"MTYKLILNGKTLKGETTTEAVDAATAEKVFKQYANDNGVHGEWTYDDATKTFTVTE","D40H","","-4","kcal/mol","ddG(mAvg)_mean"
"MTYKLILNGKTLKGETTTEAVDAATAEKVFKQYANDNGVIGEWTYDDATKTFTVTE","D40I","","0.5893","kcal/mol","ddG(mAvg)_mean"
"MTYKLILNGKTLKGETTTEAVDAATAEKVFKQYANDNGVKGEWTYDDATKTFTVTE","D40K","","0.5482","kcal/mol","ddG(mAvg)_mean"
"MTYKLILNGKTLKGETTTEAVDAATAEKVFKQYANDNGVLGEWTYDDATKTFTVTE","D40L","","0.1702","kcal/mol","ddG(mAvg)_mean"
"MTYKLILNGKTLKGETTTEAVDAATAEKVFKQYANDNGVMGEWTYDDATKTFTVTE","D40M","","0.4579","kcal/mol","ddG(mAvg)_mean"
"MTYKLILNGKTLKGETTTEAVDAATAEKVFKQYANDNGVNGEWTYDDATKTFTVTE","D40N","","0.6686","kcal/mol","ddG(mAvg)_mean"
"MTYKLILNGKTLKGETTTEAVDAATAEKVFKQYANDNGVPGEWTYDDATKTFTVTE","D40P","","-1.723","kcal/mol","ddG(mAvg)_mean"
"MTYKLILNGKTLKGETTTEAVDAATAEKVFKQYANDNGVQGEWTYDDATKTFTVTE","D40Q","","0.7176","kcal/mol","ddG(mAvg)_mean"
"MTYKLILNGKTLKGETTTEAVDAATAEKVFKQYANDNGVRGEWTYDDATKTFTVTE","D40R","","0.5541","kcal/mol","ddG(mAvg)_mean"
"MTYKLILNGKTLKGETTTEAVDAATAEKVFKQYANDNGVSGEWTYDDATKTFTVTE","D40S","","0.5632","kcal/mol","ddG(mAvg)_mean"
"MTYKLILNGKTLKGETTTEAVDAATAEKVFKQYANDNGVTGEWTYDDATKTFTVTE","D40T","","0.5705","kcal/mol","ddG(mAvg)_mean"
"MTYKLILNGKTLKGETTTEAVDAATAEKVFKQYANDNGVVGEWTYDDATKTFTVTE","D40V","","0.5867","kcal/mol","ddG(mAvg)_mean"
"MTYKLILNGKTLKGETTTEAVDAATAEKVFKQYANDNGVYGEWTYDDATKTFTVTE","D40Y","","0.8437","kcal/mol","ddG(mAvg)_mean"
"MTYKLILNGKTLKGETTTEAVDAATAEKVFKQYANDNGYDGEWTYDDATKTFTVTE","V39Y","","-0.4204","kcal/mol","ddG(mAvg)_mean"
"MTYKLILNGKTLKGETTTEAVDAATAEKVFKQYANDNHVDGEWTYDDATKTFTVTE","G38H","","0.5023","kcal/mol","ddG(mAvg)_mean"
"MTYKLILNGKTLKGETTTEAVDAATAEKVFKQYANDNIVDGEWTYDDATKTFTVTE","G38I","","-1.439","kcal/mol","ddG(mAvg)_mean"
"MTYKLILNGKTLKGETTTEAVDAATAEKVFKQYANDNKVDGEWTYDDATKTFTVTE","G38K","","0.2873","kcal/mol","ddG(mAvg)_mean"
"MTYKLILNGKTLKGETTTEAVDAATAEKVFKQYANDNLVDGEWTYDDATKTFTVTE","G38L","","0.04239","kcal/mol","ddG(mAvg)_mean"
"MTYKLILNGKTLKGETTTEAVDAATAEKVFKQYANDNMVDGEWTYDDATKTFTVTE","G38M","","-0.4658","kcal/mol","ddG(mAvg)_mean"
"MTYKLILNGKTLKGETTTEAVDAATAEKVFKQYANDNNVDGEWTYDDATKTFTVTE","G38N","","0.3001","kcal/mol","ddG(mAvg)_mean"
"MTYKLILNGKTLKGETTTEAVDAATAEKVFKQYANDNPVDGEWTYDDATKTFTVTE","G38P","","-2.741","kcal/mol","ddG(mAvg)_mean"
"MTYKLILNGKTLKGETTTEAVDAATAEKVFKQYANDNQVDGEWTYDDATKTFTVTE","G38Q","","0.1927","kcal/mol","ddG(mAvg)_mean"
"MTYKLILNGKTLKGETTTEAVDAATAEKVFKQYANDNRVDGEWTYDDATKTFTVTE","G38R","","-0.4179","kcal/mol","ddG(mAvg)_mean"
"MTYKLILNGKTLKGETTTEAVDAATAEKVFKQYANDNSVDGEWTYDDATKTFTVTE","G38S","","-0.1732","kcal/mol","ddG(mAvg)_mean"
"MTYKLILNGKTLKGETTTEAVDAATAEKVFKQYANDNTVDGEWTYDDATKTFTVTE","G38T","","-1.006","kcal/mol","ddG(mAvg)_mean"
"MTYKLILNGKTLKGETTTEAVDAATAEKVFKQYANDNVVDGEWTYDDATKTFTVTE","G38V","","-1.306","kcal/mol","ddG(mAvg)_mean"
"MTYKLILNGKTLKGETTTEAVDAATAEKVFKQYANDNYVDGEWTYDDATKTFTVTE","G38Y","","-0.4339","kcal/mol","ddG(mAvg)_mean"
"MTYKLILNGKTLKGETTTEAVDAATAEKVFKQYANDPGVDGEWTYDDATKTFTVTE","N37P","","-3.694","kcal/mol","ddG(mAvg)_mean"
"MTYKLILNGKTLKGETTTEAVDAATAEKVFKQYANDQGVDGEWTYDDATKTFTVTE","N37Q","","0.9441","kcal/mol","ddG(mAvg)_mean"
"MTYKLILNGKTLKGETTTEAVDAATAEKVFKQYANDRGVDGEWTYDDATKTFTVTE","N37R","","0.4179","kcal/mol","ddG(mAvg)_mean"
"MTYKLILNGKTLKGETTTEAVDAATAEKVFKQYANDSGVDGEWTYDDATKTFTVTE","N37S","","0.2243","kcal/mol","ddG(mAvg)_mean"
"MTYKLILNGKTLKGETTTEAVDAATAEKVFKQYANDTGVDGEWTYDDATKTFTVTE","N37T","","0.08425","kcal/mol","ddG(mAvg)_mean"
"MTYKLILNGKTLKGETTTEAVDAATAEKVFKQYANDVGVDGEWTYDDATKTFTVTE","N37V","","0.4774","kcal/mol","ddG(mAvg)_mean"
"MTYKLILNGKTLKGETTTEAVDAATAEKVFKQYANDYGVDGEWTYDDATKTFTVTE","N37Y","","0.7826","kcal/mol","ddG(mAvg)_mean"
"MTYKLILNGKTLKGETTTEAVDAATAEKVFKQYANENGVDGEWTYDDATKTFTVTE","D36E","","1.051","kcal/mol","ddG(mAvg)_mean"
"MTYKLILNGKTLKGETTTEAVDAATAEKVFKQYANFNGVDGEWTYDDATKTFTVTE","D36F","","-0.05938","kcal/mol","ddG(mAvg)_mean"
"MTYKLILNGKTLKGETTTEAVDAATAEKVFKQYANGNGVDGEWTYDDATKTFTVTE","D36G","","-0.9505","kcal/mol","ddG(mAvg)_mean"
"MTYKLILNGKTLKGETTTEAVDAATAEKVFKQYANHNGVDGEWTYDDATKTFTVTE","D36H","","-0.09497","kcal/mol","ddG(mAvg)_mean"
"MTYKLILNGKTLKGETTTEAVDAATAEKVFKQYANINGVDGEWTYDDATKTFTVTE","D36I","","0.2773","kcal/mol","ddG(mAvg)_mean"
"MTYKLILNGKTLKGETTTEAVDAATAEKVFKQYANKNGVDGEWTYDDATKTFTVTE","D36K","","0.1981","kcal/mol","ddG(mAvg)_mean"
"MTYKLILNGKTLKGETTTEAVDAATAEKVFKQYANLNGVDGEWTYDDATKTFTVTE","D36L","","0.2918","kcal/mol","ddG(mAvg)_mean"
"MTYKLILNGKTLKGETTTEAVDAATAEKVFKQYANMNGVDGEWTYDDATKTFTVTE","D36M","","0.4983","kcal/mol","ddG(mAvg)_mean"
"MTYKLILNGKTLKGETTTEAVDAATAEKVFKQYANNNGVDGEWTYDDATKTFTVTE","D36N","","0.4932","kcal/mol","ddG(mAvg)_mean"
"MTYKLILNGKTLKGETTTEAVDAATAEKVFKQYANPNGVDGEWTYDDATKTFTVTE","D36P","","-2.704","kcal/mol","ddG(mAvg)_mean"
"MTYKLILNGKTLKGETTTEAVDAATAEKVFKQYANQNGVDGEWTYDDATKTFTVTE","D36Q","","0.4089","kcal/mol","ddG(mAvg)_mean"
"MTYKLILNGKTLKGETTTEAVDAATAEKVFKQYANRNGVDGEWTYDDATKTFTVTE","D36R","","0.4081","kcal/mol","ddG(mAvg)_mean"
"MTYKLILNGKTLKGETTTEAVDAATAEKVFKQYANSNGVDGEWTYDDATKTFTVTE","D36S","","0.4628","kcal/mol","ddG(mAvg)_mean"
"MTYKLILNGKTLKGETTTEAVDAATAEKVFKQYANTNGVDGEWTYDDATKTFTVTE","D36T","","-0.2012","kcal/mol","ddG(mAvg)_mean"
"MTYKLILNGKTLKGETTTEAVDAATAEKVFKQYANVNGVDGEWTYDDATKTFTVTE","D36V","","0.3005","kcal/mol","ddG(mAvg)_mean"
"MTYKLILNGKTLKGETTTEAVDAATAEKVFKQYANYNGVDGEWTYDDATKTFTVTE","D36Y","","0.4349","kcal/mol","ddG(mAvg)_mean"
"MTYKLILNGKTLKGETTTEAVDAATAEKVFKQYAPDNGVDGEWTYDDATKTFTVTE","N35P","","-4","kcal/mol","ddG(mAvg)_mean"
"MTYKLILNGKTLKGETTTEAVDAATAEKVFKQYAQDNGVDGEWTYDDATKTFTVTE","N35Q","","0.8364","kcal/mol","ddG(mAvg)_mean"
"MTYKLILNGKTLKGETTTEAVDAATAEKVFKQYARDNGVDGEWTYDDATKTFTVTE","N35R","","0.3325","kcal/mol","ddG(mAvg)_mean"
"MTYKLILNGKTLKGETTTEAVDAATAEKVFKQYASDNGVDGEWTYDDATKTFTVTE","N35S","","0.7551","kcal/mol","ddG(mAvg)_mean"
"MTYKLILNGKTLKGETTTEAVDAATAEKVFKQYATDNGVDGEWTYDDATKTFTVTE","N35T","","0.4761","kcal/mol","ddG(mAvg)_mean"
"MTYKLILNGKTLKGETTTEAVDAATAEKVFKQYAVDNGVDGEWTYDDATKTFTVTE","N35V","","0.4245","kcal/mol","ddG(mAvg)_mean"
"MTYKLILNGKTLKGETTTEAVDAATAEKVFKQYAYDNGVDGEWTYDDATKTFTVTE","N35Y","","0.9328","kcal/mol","ddG(mAvg)_mean"
"MTYKLILNGKTLKGETTTEAVDAATAEKVFKQYDNDNGVDGEWTYDDATKTFTVTE","A34D","","-4","kcal/mol","ddG(mAvg)_mean"
"MTYKLILNGKTLKGETTTEAVDAATAEKVFKQYENDNGVDGEWTYDDATKTFTVTE","A34E","","-2.604","kcal/mol","ddG(mAvg)_mean"
"MTYKLILNGKTLKGETTTEAVDAATAEKVFKQYFNDNGVDGEWTYDDATKTFTVTE","A34F","","-1.853","kcal/mol","ddG(mAvg)_mean"
"MTYKLILNGKTLKGETTTEAVDAATAEKVFKQYGNDNGVDGEWTYDDATKTFTVTE","A34G","","-1.461","kcal/mol","ddG(mAvg)_mean"
"MTYKLILNGKTLKGETTTEAVDAATAEKVFKQYHNDNGVDGEWTYDDATKTFTVTE","A34H","","-3.191","kcal/mol","ddG(mAvg)_mean"
"MTYKLILNGKTLKGETTTEAVDAATAEKVFKQYINDNGVDGEWTYDDATKTFTVTE","A34I","","-0.6699","kcal/mol","ddG(mAvg)_mean"
"MTYKLILNGKTLKGETTTEAVDAATAEKVFKQYKNDNGVDGEWTYDDATKTFTVTE","A34K","","-2.81","kcal/mol","ddG(mAvg)_mean"
"MTYKLILNGKTLKGETTTEAVDAATAEKVFKQYLNDNGVDGEWTYDDATKTFTVTE","A34L","","0.1117","kcal/mol","ddG(mAvg)_mean"
"MTYKLILNGKTLKGETTTEAVDAATAEKVFKQYMNDNGVDGEWTYDDATKTFTVTE","A34M","","-0.4539","kcal/mol","ddG(mAvg)_mean"
"MTYKLILNGKTLKGETTTEAVDAATAEKVFKQYNNDNGVDGEWTYDDATKTFTVTE","A34N","","-1.461","kcal/mol","ddG(mAvg)_mean"
"MTYKLILNGKTLKGETTTEAVDAATAEKVFKQYPNDNGVDGEWTYDDATKTFTVTE","A34P","","-4","kcal/mol","ddG(mAvg)_mean"
"MTYKLILNGKTLKGETTTEAVDAATAEKVFKQYQNDNGVDGEWTYDDATKTFTVTE","A34Q","","-2.332","kcal/mol","ddG(mAvg)_mean"
"MTYKLILNGKTLKGETTTEAVDAATAEKVFKQYRNDNGVDGEWTYDDATKTFTVTE","A34R","","-2.928","kcal/mol","ddG(mAvg)_mean"
"MTYKLILNGKTLKGETTTEAVDAATAEKVFKQYSNDNGVDGEWTYDDATKTFTVTE","A34S","","-0.5321","kcal/mol","ddG(mAvg)_mean"
"MTYKLILNGKTLKGETTTEAVDAATAEKVFKQYTNDNGVDGEWTYDDATKTFTVTE","A34T","","-0.3816","kcal/mol","ddG(mAvg)_mean"
"MTYKLILNGKTLKGETTTEAVDAATAEKVFKQYVNDNGVDGEWTYDDATKTFTVTE","A34V","","0.01522","kcal/mol","ddG(mAvg)_mean"
"MTYKLILNGKTLKGETTTEAVDAATAEKVFKQYYNDNGVDGEWTYDDATKTFTVTE","A34Y","","-1.998","kcal/mol","ddG(mAvg)_mean"
"MTYKLILNGKTLKGETTTEAVDAATAEKVFKRYANDNGVDGEWTYDDATKTFTVTE","Q32R","","0.3876","kcal/mol","ddG(mAvg)_mean"
"MTYKLILNGKTLKGETTTEAVDAATAEKVFKSYANDNGVDGEWTYDDATKTFTVTE","Q32S","","0.2027","kcal/mol","ddG(mAvg)_mean"
"MTYKLILNGKTLKGETTTEAVDAATAEKVFKTYANDNGVDGEWTYDDATKTFTVTE","Q32T","","0.3186","kcal/mol","ddG(mAvg)_mean"
"MTYKLILNGKTLKGETTTEAVDAATAEKVFKVYANDNGVDGEWTYDDATKTFTVTE","Q32V","","-0.1299","kcal/mol","ddG(mAvg)_mean"
"MTYKLILNGKTLKGETTTEAVDAATAEKVFKYYANDNGVDGEWTYDDATKTFTVTE","Q32Y","","-0.3905","kcal/mol","ddG(mAvg)_mean"
"MTYKLILNGKTLKGETTTEAVDAATAEKVFLQYANDNGVDGEWTYDDATKTFTVTE","K31L","","0.172","kcal/mol","ddG(mAvg)_mean"
"MTYKLILNGKTLKGETTTEAVDAATAEKVFMQYANDNGVDGEWTYDDATKTFTVTE","K31M","","0.3944","kcal/mol","ddG(mAvg)_mean"
"MTYKLILNGKTLKGETTTEAVDAATAEKVFNQYANDNGVDGEWTYDDATKTFTVTE","K31N","","-0.5826","kcal/mol","ddG(mAvg)_mean"
"MTYKLILNGKTLKGETTTEAVDAATAEKVFPQYANDNGVDGEWTYDDATKTFTVTE","K31P","","-4","kcal/mol","ddG(mAvg)_mean"
"MTYKLILNGKTLKGETTTEAVDAATAEKVFQQYANDNGVDGEWTYDDATKTFTVTE","K31Q","","0.4476","kcal/mol","ddG(mAvg)_mean"
"MTYKLILNGKTLKGETTTEAVDAATAEKVFRQYANDNGVDGEWTYDDATKTFTVTE","K31R","","-4","kcal/mol","ddG(mAvg)_mean"
"MTYKLILNGKTLKGETTTEAVDAATAEKVFSQYANDNGVDGEWTYDDATKTFTVTE","K31S","","-0.7225","kcal/mol","ddG(mAvg)_mean"
"MTYKLILNGKTLKGETTTEAVDAATAEKVFTQYANDNGVDGEWTYDDATKTFTVTE","K31T","","-0.4844","kcal/mol","ddG(mAvg)_mean"
"MTYKLILNGKTLKGETTTEAVDAATAEKVFVQYANDNGVDGEWTYDDATKTFTVTE","K31V","","0.1874","kcal/mol","ddG(mAvg)_mean"
"MTYKLILNGKTLKGETTTEAVDAATAEKVFYQYANDNGVDGEWTYDDATKTFTVTE","K31Y","","-0.4829","kcal/mol","ddG(mAvg)_mean"
"MTYKLILNGKTLKGETTTEAVDAATAEKVGKQYANDNGVDGEWTYDDATKTFTVTE","F30G","","-4","kcal/mol","ddG(mAvg)_mean"
"MTYKLILNGKTLKGETTTEAVDAATAEKVHKQYANDNGVDGEWTYDDATKTFTVTE","F30H","","-4","kcal/mol","ddG(mAvg)_mean"
"MTYKLILNGKTLKGETTTEAVDAATAEKVIKQYANDNGVDGEWTYDDATKTFTVTE","F30I","","-4","kcal/mol","ddG(mAvg)_mean"
"MTYKLILNGKTLKGETTTEAVDAATAEKVKKQYANDNGVDGEWTYDDATKTFTVTE","F30K","","-4","kcal/mol","ddG(mAvg)_mean"
"MTYKLILNGKTLKGETTTEAVDAATAEKVLKQYANDNGVDGEWTYDDATKTFTVTE","F30L","","-0.4824","kcal/mol","ddG(mAvg)_mean"
"MTYKLILNGKTLKGETTTEAVDAATAEKVMKQYANDNGVDGEWTYDDATKTFTVTE","F30M","","-1.663","kcal/mol","ddG(mAvg)_mean"
"MTYKLILNGKTLKGETTTEAVDAATAEKVNKQYANDNGVDGEWTYDDATKTFTVTE","F30N","","-4","kcal/mol","ddG(mAvg)_mean"
"MTYKLILNGKTLKGETTTEAVDAATAEKVPKQYANDNGVDGEWTYDDATKTFTVTE","F30P","","-4","kcal/mol","ddG(mAvg)_mean"
"MTYKLILNGKTLKGETTTEAVDAATAEKVQKQYANDNGVDGEWTYDDATKTFTVTE","F30Q","","-4","kcal/mol","ddG(mAvg)_mean"
"MTYKLILNGKTLKGETTTEAVDAATAEKVRKQYANDNGVDGEWTYDDATKTFTVTE","F30R","","-0.2781","kcal/mol","ddG(mAvg)_mean"
"MTYKLILNGKTLKGETTTEAVDAATAEKVSKQYANDNGVDGEWTYDDATKTFTVTE","F30S","","-4","kcal/mol","ddG(mAvg)_mean"
"MTYKLILNGKTLKGETTTEAVDAATAEKVTKQYANDNGVDGEWTYDDATKTFTVTE","F30T","","-4","kcal/mol","ddG(mAvg)_mean"
"MTYKLILNGKTLKGETTTEAVDAATAEKVVKQYANDNGVDGEWTYDDATKTFTVTE","F30V","","-2.531","kcal/mol","ddG(mAvg)_mean"
"MTYKLILNGKTLKGETTTEAVDAATAEKVYKQYANDNGVDGEWTYDDATKTFTVTE","F30Y","","0.9144","kcal/mol","ddG(mAvg)_mean"
"MTYKLILNGKTLKGETTTEAVDAATAEKYFKQYANDNGVDGEWTYDDATKTFTVTE","V29Y","","0.1913","kcal/mol","ddG(mAvg)_mean"
"MTYKLILNGKTLKGETTTEAVDAATAELVFKQYANDNGVDGEWTYDDATKTFTVTE","K28L","","0.3129","kcal/mol","ddG(mAvg)_mean"
"MTYKLILNGKTLKGETTTEAVDAATAEMVFKQYANDNGVDGEWTYDDATKTFTVTE","K28M","","0.5786","kcal/mol","ddG(mAvg)_mean"
"MTYKLILNGKTLKGETTTEAVDAATAENVFKQYANDNGVDGEWTYDDATKTFTVTE","K28N","","0.4428","kcal/mol","ddG(mAvg)_mean"
"MTYKLILNGKTLKGETTTEAVDAATAEPVFKQYANDNGVDGEWTYDDATKTFTVTE","K28P","","-1.23","kcal/mol","ddG(mAvg)_mean"
"MTYKLILNGKTLKGETTTEAVDAATAEQVFKQYANDNGVDGEWTYDDATKTFTVTE","K28Q","","0.6138","kcal/mol","ddG(mAvg)_mean"
"MTYKLILNGKTLKGETTTEAVDAATAERVFKQYANDNGVDGEWTYDDATKTFTVTE","K28R","","0.9133","kcal/mol","ddG(mAvg)_mean"
"MTYKLILNGKTLKGETTTEAVDAATAESVFKQYANDNGVDGEWTYDDATKTFTVTE","K28S","","0.3627","kcal/mol","ddG(mAvg)_mean"
"MTYKLILNGKTLKGETTTEAVDAATAETVFKQYANDNGVDGEWTYDDATKTFTVTE","K28T","","0.185","kcal/mol","ddG(mAvg)_mean"
"MTYKLILNGKTLKGETTTEAVDAATAEVVFKQYANDNGVDGEWTYDDATKTFTVTE","K28V","","0.2348","kcal/mol","ddG(mAvg)_mean"
"MTYKLILNGKTLKGETTTEAVDAATAEYVFKQYANDNGVDGEWTYDDATKTFTVTE","K28Y","","0.2474","kcal/mol","ddG(mAvg)_mean"
"MTYKLILNGKTLKGETTTEAVDAATAFKVFKQYANDNGVDGEWTYDDATKTFTVTE","E27F","","1.915","kcal/mol","ddG(mAvg)_mean"
"MTYKLILNGKTLKGETTTEAVDAATAGKVFKQYANDNGVDGEWTYDDATKTFTVTE","E27G","","0.005568","kcal/mol","ddG(mAvg)_mean"
"MTYKLILNGKTLKGETTTEAVDAATAHKVFKQYANDNGVDGEWTYDDATKTFTVTE","E27H","","-4","kcal/mol","ddG(mAvg)_mean"
"MTYKLILNGKTLKGETTTEAVDAATAIKVFKQYANDNGVDGEWTYDDATKTFTVTE","E27I","","0.09868","kcal/mol","ddG(mAvg)_mean"
"MTYKLILNGKTLKGETTTEAVDAATAKKVFKQYANDNGVDGEWTYDDATKTFTVTE","E27K","","0.8303","kcal/mol","ddG(mAvg)_mean"
"MTYKLILNGKTLKGETTTEAVDAATALKVFKQYANDNGVDGEWTYDDATKTFTVTE","E27L","","1.815","kcal/mol","ddG(mAvg)_mean"
"MTYKLILNGKTLKGETTTEAVDAATAMKVFKQYANDNGVDGEWTYDDATKTFTVTE","E27M","","0.9275","kcal/mol","ddG(mAvg)_mean"
"MTYKLILNGKTLKGETTTEAVDAATANKVFKQYANDNGVDGEWTYDDATKTFTVTE","E27N","","-1.638","kcal/mol","ddG(mAvg)_mean"
"MTYKLILNGKTLKGETTTEAVDAATAPKVFKQYANDNGVDGEWTYDDATKTFTVTE","E27P","","-4","kcal/mol","ddG(mAvg)_mean"
"MTYKLILNGKTLKGETTTEAVDAATAQKVFKQYANDNGVDGEWTYDDATKTFTVTE","E27Q","","0.4424","kcal/mol","ddG(mAvg)_mean"
"MTYKLILNGKTLKGETTTEAVDAATARKVFKQYANDNGVDGEWTYDDATKTFTVTE","E27R","","0.4369","kcal/mol","ddG(mAvg)_mean"
"MTYKLILNGKTLKGETTTEAVDAATASKVFKQYANDNGVDGEWTYDDATKTFTVTE","E27S","","-0.3593","kcal/mol","ddG(mAvg)_mean"
"MTYKLILNGKTLKGETTTEAVDAATATKVFKQYANDNGVDGEWTYDDATKTFTVTE","E27T","","-1.036","kcal/mol","ddG(mAvg)_mean"
"MTYKLILNGKTLKGETTTEAVDAATAVKVFKQYANDNGVDGEWTYDDATKTFTVTE","E27V","","-0.9147","kcal/mol","ddG(mAvg)_mean"
"MTYKLILNGKTLKGETTTEAVDAATAYKVFKQYANDNGVDGEWTYDDATKTFTVTE","E27Y","","0.2636","kcal/mol","ddG(mAvg)_mean"
"MTYKLILNGKTLKGETTTEAVDAATDEKVFKQYANDNGVDGEWTYDDATKTFTVTE","A26D","","-4","kcal/mol","ddG(mAvg)_mean"
"MTYKLILNGKTLKGETTTEAVDAATEEKVFKQYANDNGVDGEWTYDDATKTFTVTE","A26E","","-4","kcal/mol","ddG(mAvg)_mean"
"MTYKLILNGKTLKGETTTEAVDAATFEKVFKQYANDNGVDGEWTYDDATKTFTVTE","A26F","","-4","kcal/mol","ddG(mAvg)_mean"
"MTYKLILNGKTLKGETTTEAVDAATGEKVFKQYANDNGVDGEWTYDDATKTFTVTE","A26G","","-4","kcal/mol","ddG(mAvg)_mean"
"MTYKLILNGKTLKGETTTEAVDAATHEKVFKQYANDNGVDGEWTYDDATKTFTVTE","A26H","","-4","kcal/mol","ddG(mAvg)_mean"
"MTYKLILNGKTLKGETTTEAVDAATIEKVFKQYANDNGVDGEWTYDDATKTFTVTE","A26I","","-4","kcal/mol","ddG(mAvg)_mean"
"MTYKLILNGKTLKGETTTEAVDAATKEKVFKQYANDNGVDGEWTYDDATKTFTVTE","A26K","","-4","kcal/mol","ddG(mAvg)_mean"
"MTYKLILNGKTLKGETTTEAVDAATLEKVFKQYANDNGVDGEWTYDDATKTFTVTE","A26L","","-4","kcal/mol","ddG(mAvg)_mean"
"MTYKLILNGKTLKGETTTEAVDAATMEKVFKQYANDNGVDGEWTYDDATKTFTVTE","A26M","","-4","kcal/mol","ddG(mAvg)_mean"
"MTYKLILNGKTLKGETTTEAVDAATNEKVFKQYANDNGVDGEWTYDDATKTFTVTE","A26N","","-4","kcal/mol","ddG(mAvg)_mean"
"MTYKLILNGKTLKGETTTEAVDAATPEKVFKQYANDNGVDGEWTYDDATKTFTVTE","A26P","","-4","kcal/mol","ddG(mAvg)_mean"
"MTYKLILNGKTLKGETTTEAVDAATQEKVFKQYANDNGVDGEWTYDDATKTFTVTE","A26Q","","-4","kcal/mol","ddG(mAvg)_mean"
"MTYKLILNGKTLKGETTTEAVDAATREKVFKQYANDNGVDGEWTYDDATKTFTVTE","A26R","","-4","kcal/mol","ddG(mAvg)_mean"
"MTYKLILNGKTLKGETTTEAVDAATSEKVFKQYANDNGVDGEWTYDDATKTFTVTE","A26S","","-2.33","kcal/mol","ddG(mAvg)_mean"
"MTYKLILNGKTLKGETTTEAVDAATTEKVFKQYANDNGVDGEWTYDDATKTFTVTE","A26T","","-4","kcal/mol","ddG(mAvg)_mean"
"MTYKLILNGKTLKGETTTEAVDAATVEKVFKQYANDNGVDGEWTYDDATKTFTVTE","A26V","","-2.406","kcal/mol","ddG(mAvg)_mean"
"MTYKLILNGKTLKGETTTEAVDAATYEKVFKQYANDNGVDGEWTYDDATKTFTVTE","A26Y","","-4","kcal/mol","ddG(mAvg)_mean"
"MTYKLILNGKTLKGETTTEAVDAAVAEKVFKQYANDNGVDGEWTYDDATKTFTVTE","T25V","","-0.09562","kcal/mol","ddG(mAvg)_mean"
"MTYKLILNGKTLKGETTTEAVDAAYAEKVFKQYANDNGVDGEWTYDDATKTFTVTE","T25Y","","0.102","kcal/mol","ddG(mAvg)_mean"
"MTYKLILNGKTLKGETTTEAVDADTAEKVFKQYANDNGVDGEWTYDDATKTFTVTE","A24D","","0.2675","kcal/mol","ddG(mAvg)_mean"
"MTYKLILNGKTLKGETTTEAVDAETAEKVFKQYANDNGVDGEWTYDDATKTFTVTE","A24E","","0.6679","kcal/mol","ddG(mAvg)_mean"
"MTYKLILNGKTLKGETTTEAVDAFTAEKVFKQYANDNGVDGEWTYDDATKTFTVTE","A24F","","0.6184","kcal/mol","ddG(mAvg)_mean"
"MTYKLILNGKTLKGETTTEAVDAGTAEKVFKQYANDNGVDGEWTYDDATKTFTVTE","A24G","","0.1481","kcal/mol","ddG(mAvg)_mean"
"MTYKLILNGKTLKGETTTEAVDAHTAEKVFKQYANDNGVDGEWTYDDATKTFTVTE","A24H","","-0.3865","kcal/mol","ddG(mAvg)_mean"
"MTYKLILNGKTLKGETTTEAVDAITAEKVFKQYANDNGVDGEWTYDDATKTFTVTE","A24I","","0.5529","kcal/mol","ddG(mAvg)_mean"
"MTYKLILNGKTLKGETTTEAVDAKTAEKVFKQYANDNGVDGEWTYDDATKTFTVTE","A24K","","0.7753","kcal/mol","ddG(mAvg)_mean"
"MTYKLILNGKTLKGETTTEAVDALTAEKVFKQYANDNGVDGEWTYDDATKTFTVTE","A24L","","0.2697","kcal/mol","ddG(mAvg)_mean"
"MTYKLILNGKTLKGETTTEAVDAMTAEKVFKQYANDNGVDGEWTYDDATKTFTVTE","A24M","","0.406","kcal/mol","ddG(mAvg)_mean"
"MTYKLILNGKTLKGETTTEAVDANTAEKVFKQYANDNGVDGEWTYDDATKTFTVTE","A24N","","-0.2393","kcal/mol","ddG(mAvg)_mean"
"MTYKLILNGKTLKGETTTEAVDAPTAEKVFKQYANDNGVDGEWTYDDATKTFTVTE","A24P","","-0.1859","kcal/mol","ddG(mAvg)_mean"
"MTYKLILNGKTLKGETTTEAVDAQTAEKVFKQYANDNGVDGEWTYDDATKTFTVTE","A24Q","","0.04574","kcal/mol","ddG(mAvg)_mean"
"MTYKLILNGKTLKGETTTEAVDARTAEKVFKQYANDNGVDGEWTYDDATKTFTVTE","A24R","","0.5373","kcal/mol","ddG(mAvg)_mean"
"MTYKLILNGKTLKGETTTEAVDASTAEKVFKQYANDNGVDGEWTYDDATKTFTVTE","A24S","","0.2187","kcal/mol","ddG(mAvg)_mean"
"MTYKLILNGKTLKGETTTEAVDATTAEKVFKQYANDNGVDGEWTYDDATKTFTVTE","A24T","","0.232","kcal/mol","ddG(mAvg)_mean"
"MTYKLILNGKTLKGETTTEAVDAVTAEKVFKQYANDNGVDGEWTYDDATKTFTVTE","A24V","","0.1925","kcal/mol","ddG(mAvg)_mean"
"MTYKLILNGKTLKGETTTEAVDAYTAEKVFKQYANDNGVDGEWTYDDATKTFTVTE","A24Y","","0.4426","kcal/mol","ddG(mAvg)_mean"
"MTYKLILNGKTLKGETTTEAVDDATAEKVFKQYANDNGVDGEWTYDDATKTFTVTE","A23D","","-0.4388","kcal/mol","ddG(mAvg)_mean"
"MTYKLILNGKTLKGETTTEAVDEATAEKVFKQYANDNGVDGEWTYDDATKTFTVTE","A23E","","0.0442","kcal/mol","ddG(mAvg)_mean"
"MTYKLILNGKTLKGETTTEAVDFATAEKVFKQYANDNGVDGEWTYDDATKTFTVTE","A23F","","0.5854","kcal/mol","ddG(mAvg)_mean"
"MTYKLILNGKTLKGETTTEAVDGATAEKVFKQYANDNGVDGEWTYDDATKTFTVTE","A23G","","-0.8266","kcal/mol","ddG(mAvg)_mean"
"MTYKLILNGKTLKGETTTEAVDHATAEKVFKQYANDNGVDGEWTYDDATKTFTVTE","A23H","","-0.1959","kcal/mol","ddG(mAvg)_mean"
"MTYKLILNGKTLKGETTTEAVDIATAEKVFKQYANDNGVDGEWTYDDATKTFTVTE","A23I","","0.5642","kcal/mol","ddG(mAvg)_mean"
"MTYKLILNGKTLKGETTTEAVDKATAEKVFKQYANDNGVDGEWTYDDATKTFTVTE","A23K","","0.4793","kcal/mol","ddG(mAvg)_mean"
"MTYKLILNGKTLKGETTTEAVDLATAEKVFKQYANDNGVDGEWTYDDATKTFTVTE","A23L","","0.2233","kcal/mol","ddG(mAvg)_mean"
"MTYKLILNGKTLKGETTTEAVDMATAEKVFKQYANDNGVDGEWTYDDATKTFTVTE","A23M","","0.51","kcal/mol","ddG(mAvg)_mean"
"MTYKLILNGKTLKGETTTEAVDNATAEKVFKQYANDNGVDGEWTYDDATKTFTVTE","A23N","","-0.1944","kcal/mol","ddG(mAvg)_mean"
"MTYKLILNGKTLKGETTTEAVDPATAEKVFKQYANDNGVDGEWTYDDATKTFTVTE","A23P","","-0.1395","kcal/mol","ddG(mAvg)_mean"
"MTYKLILNGKTLKGETTTEAVDQATAEKVFKQYANDNGVDGEWTYDDATKTFTVTE","A23Q","","0.7965","kcal/mol","ddG(mAvg)_mean"
"MTYKLILNGKTLKGETTTEAVDRATAEKVFKQYANDNGVDGEWTYDDATKTFTVTE","A23R","","0.5935","kcal/mol","ddG(mAvg)_mean"
"MTYKLILNGKTLKGETTTEAVDSATAEKVFKQYANDNGVDGEWTYDDATKTFTVTE","A23S","","0.1622","kcal/mol","ddG(mAvg)_mean"
"MTYKLILNGKTLKGETTTEAVDTATAEKVFKQYANDNGVDGEWTYDDATKTFTVTE","A23T","","0.3184","kcal/mol","ddG(mAvg)_mean"
"MTYKLILNGKTLKGETTTEAVDVATAEKVFKQYANDNGVDGEWTYDDATKTFTVTE","A23V","","0.3774","kcal/mol","ddG(mAvg)_mean"
"MTYKLILNGKTLKGETTTEAVDYATAEKVFKQYANDNGVDGEWTYDDATKTFTVTE","A23Y","","0.3807","kcal/mol","ddG(mAvg)_mean"
"MTYKLILNGKTLKGETTTEAVEAATAEKVFKQYANDNGVDGEWTYDDATKTFTVTE","D22E","","-0.8214","kcal/mol","ddG(mAvg)_mean"
"MTYKLILNGKTLKGETTTEAVFAATAEKVFKQYANDNGVDGEWTYDDATKTFTVTE","D22F","","-1.075","kcal/mol","ddG(mAvg)_mean"
"MTYKLILNGKTLKGETTTEAVGAATAEKVFKQYANDNGVDGEWTYDDATKTFTVTE","D22G","","-1.028","kcal/mol","ddG(mAvg)_mean"
"MTYKLILNGKTLKGETTTEAVHAATAEKVFKQYANDNGVDGEWTYDDATKTFTVTE","D22H","","-0.9863","kcal/mol","ddG(mAvg)_mean"
"MTYKLILNGKTLKGETTTEAVIAATAEKVFKQYANDNGVDGEWTYDDATKTFTVTE","D22I","","-2.207","kcal/mol","ddG(mAvg)_mean"
"MTYKLILNGKTLKGETTTEAVKAATAEKVFKQYANDNGVDGEWTYDDATKTFTVTE","D22K","","-1.217","kcal/mol","ddG(mAvg)_mean"
"MTYKLILNGKTLKGETTTEAVLAATAEKVFKQYANDNGVDGEWTYDDATKTFTVTE","D22L","","-1.175","kcal/mol","ddG(mAvg)_mean"
"MTYKLILNGKTLKGETTTEAVMAATAEKVFKQYANDNGVDGEWTYDDATKTFTVTE","D22M","","-1.346","kcal/mol","ddG(mAvg)_mean"
"MTYKLILNGKTLKGETTTEAVNAATAEKVFKQYANDNGVDGEWTYDDATKTFTVTE","D22N","","0.2102","kcal/mol","ddG(mAvg)_mean"
"MTYKLILNGKTLKGETTTEAVPAATAEKVFKQYANDNGVDGEWTYDDATKTFTVTE","D22P","","-2.932","kcal/mol","ddG(mAvg)_mean"
"MTYKLILNGKTLKGETTTEAVQAATAEKVFKQYANDNGVDGEWTYDDATKTFTVTE","D22Q","","-1.206","kcal/mol","ddG(mAvg)_mean"
"MTYKLILNGKTLKGETTTEAVRAATAEKVFKQYANDNGVDGEWTYDDATKTFTVTE","D22R","","-1.47","kcal/mol","ddG(mAvg)_mean"
"MTYKLILNGKTLKGETTTEAVSAATAEKVFKQYANDNGVDGEWTYDDATKTFTVTE","D22S","","0.6246","kcal/mol","ddG(mAvg)_mean"
"MTYKLILNGKTLKGETTTEAVTAATAEKVFKQYANDNGVDGEWTYDDATKTFTVTE","D22T","","-0.4365","kcal/mol","ddG(mAvg)_mean"
"MTYKLILNGKTLKGETTTEAVVAATAEKVFKQYANDNGVDGEWTYDDATKTFTVTE","D22V","","-1.426","kcal/mol","ddG(mAvg)_mean"
"MTYKLILNGKTLKGETTTEAVYAATAEKVFKQYANDNGVDGEWTYDDATKTFTVTE","D22Y","","-1.166","kcal/mol","ddG(mAvg)_mean"
"MTYKLILNGKTLKGETTTEAYDAATAEKVFKQYANDNGVDGEWTYDDATKTFTVTE","V21Y","","0.639","kcal/mol","ddG(mAvg)_mean"
"MTYKLILNGKTLKGETTTEDVDAATAEKVFKQYANDNGVDGEWTYDDATKTFTVTE","A20D","","-1.646","kcal/mol","ddG(mAvg)_mean"
"MTYKLILNGKTLKGETTTEEVDAATAEKVFKQYANDNGVDGEWTYDDATKTFTVTE","A20E","","-0.582","kcal/mol","ddG(mAvg)_mean"
"MTYKLILNGKTLKGETTTEFVDAATAEKVFKQYANDNGVDGEWTYDDATKTFTVTE","A20F","","-1.732","kcal/mol","ddG(mAvg)_mean"
"MTYKLILNGKTLKGETTTEGVDAATAEKVFKQYANDNGVDGEWTYDDATKTFTVTE","A20G","","-1.107","kcal/mol","ddG(mAvg)_mean"
"MTYKLILNGKTLKGETTTEHVDAATAEKVFKQYANDNGVDGEWTYDDATKTFTVTE","A20H","","-1.914","kcal/mol","ddG(mAvg)_mean"
"MTYKLILNGKTLKGETTTEIVDAATAEKVFKQYANDNGVDGEWTYDDATKTFTVTE","A20I","","-1.861","kcal/mol","ddG(mAvg)_mean"
"MTYKLILNGKTLKGETTTEKVDAATAEKVFKQYANDNGVDGEWTYDDATKTFTVTE","A20K","","-1.77","kcal/mol","ddG(mAvg)_mean"
"MTYKLILNGKTLKGETTTELVDAATAEKVFKQYANDNGVDGEWTYDDATKTFTVTE","A20L","","-2.032","kcal/mol","ddG(mAvg)_mean"
"MTYKLILNGKTLKGETTTEMVDAATAEKVFKQYANDNGVDGEWTYDDATKTFTVTE","A20M","","-1.43","kcal/mol","ddG(mAvg)_mean"
"MTYKLILNGKTLKGETTTENVDAATAEKVFKQYANDNGVDGEWTYDDATKTFTVTE","A20N","","-2.851","kcal/mol","ddG(mAvg)_mean"
"MTYKLILNGKTLKGETTTEPVDAATAEKVFKQYANDNGVDGEWTYDDATKTFTVTE","A20P","","-3.48","kcal/mol","ddG(mAvg)_mean"
"MTYKLILNGKTLKGETTTEQVDAATAEKVFKQYANDNGVDGEWTYDDATKTFTVTE","A20Q","","0.1162","kcal/mol","ddG(mAvg)_mean"
"MTYKLILNGKTLKGETTTERVDAATAEKVFKQYANDNGVDGEWTYDDATKTFTVTE","A20R","","-1.467","kcal/mol","ddG(mAvg)_mean"
"MTYKLILNGKTLKGETTTESVDAATAEKVFKQYANDNGVDGEWTYDDATKTFTVTE","A20S","","-0.2021","kcal/mol","ddG(mAvg)_mean"
"MTYKLILNGKTLKGETTTETVDAATAEKVFKQYANDNGVDGEWTYDDATKTFTVTE","A20T","","-0.9471","kcal/mol","ddG(mAvg)_mean"
"MTYKLILNGKTLKGETTTEVVDAATAEKVFKQYANDNGVDGEWTYDDATKTFTVTE","A20V","","-0.8814","kcal/mol","ddG(mAvg)_mean"
"MTYKLILNGKTLKGETTTEYVDAATAEKVFKQYANDNGVDGEWTYDDATKTFTVTE","A20Y","","-1.938","kcal/mol","ddG(mAvg)_mean"
"MTYKLILNGKTLKGETTTFAVDAATAEKVFKQYANDNGVDGEWTYDDATKTFTVTE","E19F","","0.8412","kcal/mol","ddG(mAvg)_mean"
"MTYKLILNGKTLKGETTTGAVDAATAEKVFKQYANDNGVDGEWTYDDATKTFTVTE","E19G","","-1.472","kcal/mol","ddG(mAvg)_mean"
"MTYKLILNGKTLKGETTTHAVDAATAEKVFKQYANDNGVDGEWTYDDATKTFTVTE","E19H","","0.01886","kcal/mol","ddG(mAvg)_mean"
"MTYKLILNGKTLKGETTTIAVDAATAEKVFKQYANDNGVDGEWTYDDATKTFTVTE","E19I","","0.9345","kcal/mol","ddG(mAvg)_mean"
"MTYKLILNGKTLKGETTTKAVDAATAEKVFKQYANDNGVDGEWTYDDATKTFTVTE","E19K","","0.4203","kcal/mol","ddG(mAvg)_mean"
"MTYKLILNGKTLKGETTTLAVDAATAEKVFKQYANDNGVDGEWTYDDATKTFTVTE","E19L","","0.3686","kcal/mol","ddG(mAvg)_mean"
"MTYKLILNGKTLKGETTTMAVDAATAEKVFKQYANDNGVDGEWTYDDATKTFTVTE","E19M","","0.1866","kcal/mol","ddG(mAvg)_mean"
"MTYKLILNGKTLKGETTTNAVDAATAEKVFKQYANDNGVDGEWTYDDATKTFTVTE","E19N","","0.6401","kcal/mol","ddG(mAvg)_mean"
"MTYKLILNGKTLKGETTTPAVDAATAEKVFKQYANDNGVDGEWTYDDATKTFTVTE","E19P","","-0.778","kcal/mol","ddG(mAvg)_mean"
"MTYKLILNGKTLKGETTTQAVDAATAEKVFKQYANDNGVDGEWTYDDATKTFTVTE","E19Q","","0.5158","kcal/mol","ddG(mAvg)_mean"
"MTYKLILNGKTLKGETTTRAVDAATAEKVFKQYANDNGVDGEWTYDDATKTFTVTE","E19R","","0.7238","kcal/mol","ddG(mAvg)_mean"
"MTYKLILNGKTLKGETTTSAVDAATAEKVFKQYANDNGVDGEWTYDDATKTFTVTE","E19S","","0.1053","kcal/mol","ddG(mAvg)_mean"
"MTYKLILNGKTLKGETTTTAVDAATAEKVFKQYANDNGVDGEWTYDDATKTFTVTE","E19T","","0.6515","kcal/mol","ddG(mAvg)_mean"
"MTYKLILNGKTLKGETTTVAVDAATAEKVFKQYANDNGVDGEWTYDDATKTFTVTE","E19V","","-0.09325","kcal/mol","ddG(mAvg)_mean"
"MTYKLILNGKTLKGETTTYAVDAATAEKVFKQYANDNGVDGEWTYDDATKTFTVTE","E19Y","","0.774","kcal/mol","ddG(mAvg)_mean"
"MTYKLILNGKTLKGETTVEAVDAATAEKVFKQYANDNGVDGEWTYDDATKTFTVTE","T18V","","0.3905","kcal/mol","ddG(mAvg)_mean"
"MTYKLILNGKTLKGETTYEAVDAATAEKVFKQYANDNGVDGEWTYDDATKTFTVTE","T18Y","","0.1554","kcal/mol","ddG(mAvg)_mean"
"MTYKLILNGKTLKGETVTEAVDAATAEKVFKQYANDNGVDGEWTYDDATKTFTVTE","T17V","","0.1832","kcal/mol","ddG(mAvg)_mean"
"MTYKLILNGKTLKGETYTEAVDAATAEKVFKQYANDNGVDGEWTYDDATKTFTVTE","T17Y","","0.7134","kcal/mol","ddG(mAvg)_mean"
"MTYKLILNGKTLKGEVTTEAVDAATAEKVFKQYANDNGVDGEWTYDDATKTFTVTE","T16V","","0.5015","kcal/mol","ddG(mAvg)_mean"
"MTYKLILNGKTLKGEYTTEAVDAATAEKVFKQYANDNGVDGEWTYDDATKTFTVTE","T16Y","","1.313","kcal/mol","ddG(mAvg)_mean"
"MTYKLILNGKTLKGFTTTEAVDAATAEKVFKQYANDNGVDGEWTYDDATKTFTVTE","E15F","","0.5656","kcal/mol","ddG(mAvg)_mean"
"MTYKLILNGKTLKGGTTTEAVDAATAEKVFKQYANDNGVDGEWTYDDATKTFTVTE","E15G","","-0.219","kcal/mol","ddG(mAvg)_mean"
"MTYKLILNGKTLKGHTTTEAVDAATAEKVFKQYANDNGVDGEWTYDDATKTFTVTE","E15H","","-0.2518","kcal/mol","ddG(mAvg)_mean"
"MTYKLILNGKTLKGITTTEAVDAATAEKVFKQYANDNGVDGEWTYDDATKTFTVTE","E15I","","0.6033","kcal/mol","ddG(mAvg)_mean"
"MTYKLILNGKTLKGKTTTEAVDAATAEKVFKQYANDNGVDGEWTYDDATKTFTVTE","E15K","","0.1296","kcal/mol","ddG(mAvg)_mean"
"MTYKLILNGKTLKGLTTTEAVDAATAEKVFKQYANDNGVDGEWTYDDATKTFTVTE","E15L","","0.1557","kcal/mol","ddG(mAvg)_mean"
"MTYKLILNGKTLKGMTTTEAVDAATAEKVFKQYANDNGVDGEWTYDDATKTFTVTE","E15M","","0.7185","kcal/mol","ddG(mAvg)_mean"
"MTYKLILNGKTLKGNTTTEAVDAATAEKVFKQYANDNGVDGEWTYDDATKTFTVTE","E15N","","0.1626","kcal/mol","ddG(mAvg)_mean"
"MTYKLILNGKTLKGPTTTEAVDAATAEKVFKQYANDNGVDGEWTYDDATKTFTVTE","E15P","","-1.979","kcal/mol","ddG(mAvg)_mean"
"MTYKLILNGKTLKGQTTTEAVDAATAEKVFKQYANDNGVDGEWTYDDATKTFTVTE","E15Q","","0.8749","kcal/mol","ddG(mAvg)_mean"
"MTYKLILNGKTLKGRTTTEAVDAATAEKVFKQYANDNGVDGEWTYDDATKTFTVTE","E15R","","0.2761","kcal/mol","ddG(mAvg)_mean"
"MTYKLILNGKTLKGSTTTEAVDAATAEKVFKQYANDNGVDGEWTYDDATKTFTVTE","E15S","","0.165","kcal/mol","ddG(mAvg)_mean"
"MTYKLILNGKTLKGTTTTEAVDAATAEKVFKQYANDNGVDGEWTYDDATKTFTVTE","E15T","","0.01162","kcal/mol","ddG(mAvg)_mean"
"MTYKLILNGKTLKGVTTTEAVDAATAEKVFKQYANDNGVDGEWTYDDATKTFTVTE","E15V","","0.9221","kcal/mol","ddG(mAvg)_mean"
"MTYKLILNGKTLKGYTTTEAVDAATAEKVFKQYANDNGVDGEWTYDDATKTFTVTE","E15Y","","0.6644","kcal/mol","ddG(mAvg)_mean"
"MTYKLILNGKTLKHETTTEAVDAATAEKVFKQYANDNGVDGEWTYDDATKTFTVTE","G14H","","0.08403","kcal/mol","ddG(mAvg)_mean"
"MTYKLILNGKTLKIETTTEAVDAATAEKVFKQYANDNGVDGEWTYDDATKTFTVTE","G14I","","0.8071","kcal/mol","ddG(mAvg)_mean"
"MTYKLILNGKTLKKETTTEAVDAATAEKVFKQYANDNGVDGEWTYDDATKTFTVTE","G14K","","0.7175","kcal/mol","ddG(mAvg)_mean"
"MTYKLILNGKTLKLETTTEAVDAATAEKVFKQYANDNGVDGEWTYDDATKTFTVTE","G14L","","1.25","kcal/mol","ddG(mAvg)_mean"
"MTYKLILNGKTLKMETTTEAVDAATAEKVFKQYANDNGVDGEWTYDDATKTFTVTE","G14M","","0.9401","kcal/mol","ddG(mAvg)_mean"
"MTYKLILNGKTLKNETTTEAVDAATAEKVFKQYANDNGVDGEWTYDDATKTFTVTE","G14N","","0.02504","kcal/mol","ddG(mAvg)_mean"
"MTYKLILNGKTLKPETTTEAVDAATAEKVFKQYANDNGVDGEWTYDDATKTFTVTE","G14P","","-0.8771","kcal/mol","ddG(mAvg)_mean"
"MTYKLILNGKTLKQETTTEAVDAATAEKVFKQYANDNGVDGEWTYDDATKTFTVTE","G14Q","","0.5181","kcal/mol","ddG(mAvg)_mean"
"MTYKLILNGKTLKRETTTEAVDAATAEKVFKQYANDNGVDGEWTYDDATKTFTVTE","G14R","","0.8728","kcal/mol","ddG(mAvg)_mean"
"MTYKLILNGKTLKSETTTEAVDAATAEKVFKQYANDNGVDGEWTYDDATKTFTVTE","G14S","","0.5117","kcal/mol","ddG(mAvg)_mean"
"MTYKLILNGKTLKTETTTEAVDAATAEKVFKQYANDNGVDGEWTYDDATKTFTVTE","G14T","","0.3898","kcal/mol","ddG(mAvg)_mean"
"MTYKLILNGKTLKVETTTEAVDAATAEKVFKQYANDNGVDGEWTYDDATKTFTVTE","G14V","","0.5203","kcal/mol","ddG(mAvg)_mean"
"MTYKLILNGKTLKYETTTEAVDAATAEKVFKQYANDNGVDGEWTYDDATKTFTVTE","G14Y","","0.2434","kcal/mol","ddG(mAvg)_mean"
"MTYKLILNGKTLLGETTTEAVDAATAEKVFKQYANDNGVDGEWTYDDATKTFTVTE","K13L","","-0.05833","kcal/mol","ddG(mAvg)_mean"
"MTYKLILNGKTLMGETTTEAVDAATAEKVFKQYANDNGVDGEWTYDDATKTFTVTE","K13M","","0.317","kcal/mol","ddG(mAvg)_mean"
"MTYKLILNGKTLNGETTTEAVDAATAEKVFKQYANDNGVDGEWTYDDATKTFTVTE","K13N","","0.01071","kcal/mol","ddG(mAvg)_mean"
"MTYKLILNGKTLPGETTTEAVDAATAEKVFKQYANDNGVDGEWTYDDATKTFTVTE","K13P","","-0.9935","kcal/mol","ddG(mAvg)_mean"
"MTYKLILNGKTLQGETTTEAVDAATAEKVFKQYANDNGVDGEWTYDDATKTFTVTE","K13Q","","1.07","kcal/mol","ddG(mAvg)_mean"
"MTYKLILNGKTLRGETTTEAVDAATAEKVFKQYANDNGVDGEWTYDDATKTFTVTE","K13R","","0.326","kcal/mol","ddG(mAvg)_mean"
"MTYKLILNGKTLSGETTTEAVDAATAEKVFKQYANDNGVDGEWTYDDATKTFTVTE","K13S","","0.5716","kcal/mol","ddG(mAvg)_mean"
"MTYKLILNGKTLTGETTTEAVDAATAEKVFKQYANDNGVDGEWTYDDATKTFTVTE","K13T","","0.2514","kcal/mol","ddG(mAvg)_mean"
"MTYKLILNGKTLVGETTTEAVDAATAEKVFKQYANDNGVDGEWTYDDATKTFTVTE","K13V","","0.5257","kcal/mol","ddG(mAvg)_mean"
"MTYKLILNGKTLYGETTTEAVDAATAEKVFKQYANDNGVDGEWTYDDATKTFTVTE","K13Y","","0.6876","kcal/mol","ddG(mAvg)_mean"
"MTYKLILNGKTMKGETTTEAVDAATAEKVFKQYANDNGVDGEWTYDDATKTFTVTE","L12M","","0.3446","kcal/mol","ddG(mAvg)_mean"
"MTYKLILNGKTNKGETTTEAVDAATAEKVFKQYANDNGVDGEWTYDDATKTFTVTE","L12N","","0.08539","kcal/mol","ddG(mAvg)_mean"
"MTYKLILNGKTPKGETTTEAVDAATAEKVFKQYANDNGVDGEWTYDDATKTFTVTE","L12P","","-1.231","kcal/mol","ddG(mAvg)_mean"
"MTYKLILNGKTQKGETTTEAVDAATAEKVFKQYANDNGVDGEWTYDDATKTFTVTE","L12Q","","0.1395","kcal/mol","ddG(mAvg)_mean"
"MTYKLILNGKTRKGETTTEAVDAATAEKVFKQYANDNGVDGEWTYDDATKTFTVTE","L12R","","0.2425","kcal/mol","ddG(mAvg)_mean"
"MTYKLILNGKTSKGETTTEAVDAATAEKVFKQYANDNGVDGEWTYDDATKTFTVTE","L12S","","-0.0594","kcal/mol","ddG(mAvg)_mean"
"MTYKLILNGKTTKGETTTEAVDAATAEKVFKQYANDNGVDGEWTYDDATKTFTVTE","L12T","","0.4164","kcal/mol","ddG(mAvg)_mean"
"MTYKLILNGKTVKGETTTEAVDAATAEKVFKQYANDNGVDGEWTYDDATKTFTVTE","L12V","","0.632","kcal/mol","ddG(mAvg)_mean"
"MTYKLILNGKTYKGETTTEAVDAATAEKVFKQYANDNGVDGEWTYDDATKTFTVTE","L12Y","","1.776","kcal/mol","ddG(mAvg)_mean"
"MTYKLILNGKVLKGETTTEAVDAATAEKVFKQYANDNGVDGEWTYDDATKTFTVTE","T11V","","0.5362","kcal/mol","ddG(mAvg)_mean"
"MTYKLILNGKYLKGETTTEAVDAATAEKVFKQYANDNGVDGEWTYDDATKTFTVTE","T11Y","","0.2982","kcal/mol","ddG(mAvg)_mean"
"MTYKLILNGLTLKGETTTEAVDAATAEKVFKQYANDNGVDGEWTYDDATKTFTVTE","K10L","","0.7221","kcal/mol","ddG(mAvg)_mean"
"MTYKLILNGMTLKGETTTEAVDAATAEKVFKQYANDNGVDGEWTYDDATKTFTVTE","K10M","","0.2474","kcal/mol","ddG(mAvg)_mean"
"MTYKLILNGNTLKGETTTEAVDAATAEKVFKQYANDNGVDGEWTYDDATKTFTVTE","K10N","","0.09672","kcal/mol","ddG(mAvg)_mean"
"MTYKLILNGPTLKGETTTEAVDAATAEKVFKQYANDNGVDGEWTYDDATKTFTVTE","K10P","","-0.177","kcal/mol","ddG(mAvg)_mean"
"MTYKLILNGQTLKGETTTEAVDAATAEKVFKQYANDNGVDGEWTYDDATKTFTVTE","K10Q","","0.1136","kcal/mol","ddG(mAvg)_mean"
"MTYKLILNGRTLKGETTTEAVDAATAEKVFKQYANDNGVDGEWTYDDATKTFTVTE","K10R","","0.6497","kcal/mol","ddG(mAvg)_mean"
"MTYKLILNGSTLKGETTTEAVDAATAEKVFKQYANDNGVDGEWTYDDATKTFTVTE","K10S","","-0.1296","kcal/mol","ddG(mAvg)_mean"
"MTYKLILNGTTLKGETTTEAVDAATAEKVFKQYANDNGVDGEWTYDDATKTFTVTE","K10T","","0.1995","kcal/mol","ddG(mAvg)_mean"
"MTYKLILNGVTLKGETTTEAVDAATAEKVFKQYANDNGVDGEWTYDDATKTFTVTE","K10V","","0.4141","kcal/mol","ddG(mAvg)_mean"
"MTYKLILNGYTLKGETTTEAVDAATAEKVFKQYANDNGVDGEWTYDDATKTFTVTE","K10Y","","0.5094","kcal/mol","ddG(mAvg)_mean"
"MTYKLILNHKTLKGETTTEAVDAATAEKVFKQYANDNGVDGEWTYDDATKTFTVTE","G09H","","-1.22","kcal/mol","ddG(mAvg)_mean"
"MTYKLILNIKTLKGETTTEAVDAATAEKVFKQYANDNGVDGEWTYDDATKTFTVTE","G09I","","-0.5926","kcal/mol","ddG(mAvg)_mean"
"MTYKLILNKKTLKGETTTEAVDAATAEKVFKQYANDNGVDGEWTYDDATKTFTVTE","G09K","","-1.227","kcal/mol","ddG(mAvg)_mean"
"MTYKLILNLKTLKGETTTEAVDAATAEKVFKQYANDNGVDGEWTYDDATKTFTVTE","G09L","","0.3194","kcal/mol","ddG(mAvg)_mean"
"MTYKLILNMKTLKGETTTEAVDAATAEKVFKQYANDNGVDGEWTYDDATKTFTVTE","G09M","","-0.5478","kcal/mol","ddG(mAvg)_mean"
"MTYKLILNNKTLKGETTTEAVDAATAEKVFKQYANDNGVDGEWTYDDATKTFTVTE","G09N","","-1.29","kcal/mol","ddG(mAvg)_mean"
"MTYKLILNPKTLKGETTTEAVDAATAEKVFKQYANDNGVDGEWTYDDATKTFTVTE","G09P","","-2.381","kcal/mol","ddG(mAvg)_mean"
"MTYKLILNQKTLKGETTTEAVDAATAEKVFKQYANDNGVDGEWTYDDATKTFTVTE","G09Q","","-1.055","kcal/mol","ddG(mAvg)_mean"
"MTYKLILNRKTLKGETTTEAVDAATAEKVFKQYANDNGVDGEWTYDDATKTFTVTE","G09R","","-0.8811","kcal/mol","ddG(mAvg)_mean"
"MTYKLILNSKTLKGETTTEAVDAATAEKVFKQYANDNGVDGEWTYDDATKTFTVTE","G09S","","0.02543","kcal/mol","ddG(mAvg)_mean"
"MTYKLILNTKTLKGETTTEAVDAATAEKVFKQYANDNGVDGEWTYDDATKTFTVTE","G09T","","0.3","kcal/mol","ddG(mAvg)_mean"
"MTYKLILNVKTLKGETTTEAVDAATAEKVFKQYANDNGVDGEWTYDDATKTFTVTE","G09V","","-0.4168","kcal/mol","ddG(mAvg)_mean"
"MTYKLILNYKTLKGETTTEAVDAATAEKVFKQYANDNGVDGEWTYDDATKTFTVTE","G09Y","","-0.5363","kcal/mol","ddG(mAvg)_mean"
"MTYKLILPGKTLKGETTTEAVDAATAEKVFKQYANDNGVDGEWTYDDATKTFTVTE","N08P","","-1.448","kcal/mol","ddG(mAvg)_mean"
"MTYKLILQGKTLKGETTTEAVDAATAEKVFKQYANDNGVDGEWTYDDATKTFTVTE","N08Q","","0.2871","kcal/mol","ddG(mAvg)_mean"
"MTYKLILRGKTLKGETTTEAVDAATAEKVFKQYANDNGVDGEWTYDDATKTFTVTE","N08R","","0.6361","kcal/mol","ddG(mAvg)_mean"
"MTYKLILSGKTLKGETTTEAVDAATAEKVFKQYANDNGVDGEWTYDDATKTFTVTE","N08S","","-0.04427","kcal/mol","ddG(mAvg)_mean"
"MTYKLILTGKTLKGETTTEAVDAATAEKVFKQYANDNGVDGEWTYDDATKTFTVTE","N08T","","-0.6143","kcal/mol","ddG(mAvg)_mean"
"MTYKLILVGKTLKGETTTEAVDAATAEKVFKQYANDNGVDGEWTYDDATKTFTVTE","N08V","","0.1292","kcal/mol","ddG(mAvg)_mean"
"MTYKLILYGKTLKGETTTEAVDAATAEKVFKQYANDNGVDGEWTYDDATKTFTVTE","N08Y","","0.2102","kcal/mol","ddG(mAvg)_mean"
"MTYKLIMNGKTLKGETTTEAVDAATAEKVFKQYANDNGVDGEWTYDDATKTFTVTE","L07M","","0.4979","kcal/mol","ddG(mAvg)_mean"
"MTYKLINNGKTLKGETTTEAVDAATAEKVFKQYANDNGVDGEWTYDDATKTFTVTE","L07N","","-4","kcal/mol","ddG(mAvg)_mean"
"MTYKLIPNGKTLKGETTTEAVDAATAEKVFKQYANDNGVDGEWTYDDATKTFTVTE","L07P","","-2.882","kcal/mol","ddG(mAvg)_mean"
"MTYKLIQNGKTLKGETTTEAVDAATAEKVFKQYANDNGVDGEWTYDDATKTFTVTE","L07Q","","-1.537","kcal/mol","ddG(mAvg)_mean"
"MTYKLIRNGKTLKGETTTEAVDAATAEKVFKQYANDNGVDGEWTYDDATKTFTVTE","L07R","","-2.072","kcal/mol","ddG(mAvg)_mean"
"MTYKLISNGKTLKGETTTEAVDAATAEKVFKQYANDNGVDGEWTYDDATKTFTVTE","L07S","","-1.794","kcal/mol","ddG(mAvg)_mean"
"MTYKLITNGKTLKGETTTEAVDAATAEKVFKQYANDNGVDGEWTYDDATKTFTVTE","L07T","","-1.135","kcal/mol","ddG(mAvg)_mean"
"MTYKLIVNGKTLKGETTTEAVDAATAEKVFKQYANDNGVDGEWTYDDATKTFTVTE","L07V","","0.08476","kcal/mol","ddG(mAvg)_mean"
"MTYKLIYNGKTLKGETTTEAVDAATAEKVFKQYANDNGVDGEWTYDDATKTFTVTE","L07Y","","-0.02215","kcal/mol","ddG(mAvg)_mean"
"MTYKLKLNGKTLKGETTTEAVDAATAEKVFKQYANDNGVDGEWTYDDATKTFTVTE","I06K","","-0.4732","kcal/mol","ddG(mAvg)_mean"
"MTYKLLLNGKTLKGETTTEAVDAATAEKVFKQYANDNGVDGEWTYDDATKTFTVTE","I06L","","-0.1139","kcal/mol","ddG(mAvg)_mean"
"MTYKLMLNGKTLKGETTTEAVDAATAEKVFKQYANDNGVDGEWTYDDATKTFTVTE","I06M","","-0.5008","kcal/mol","ddG(mAvg)_mean"
"MTYKLNLNGKTLKGETTTEAVDAATAEKVFKQYANDNGVDGEWTYDDATKTFTVTE","I06N","","-0.7986","kcal/mol","ddG(mAvg)_mean"
"MTYKLPLNGKTLKGETTTEAVDAATAEKVFKQYANDNGVDGEWTYDDATKTFTVTE","I06P","","-4","kcal/mol","ddG(mAvg)_mean"
"MTYKLQLNGKTLKGETTTEAVDAATAEKVFKQYANDNGVDGEWTYDDATKTFTVTE","I06Q","","-0.5795","kcal/mol","ddG(mAvg)_mean"
"MTYKLRLNGKTLKGETTTEAVDAATAEKVFKQYANDNGVDGEWTYDDATKTFTVTE","I06R","","-0.6629","kcal/mol","ddG(mAvg)_mean"
"MTYKLSLNGKTLKGETTTEAVDAATAEKVFKQYANDNGVDGEWTYDDATKTFTVTE","I06S","","-1.38","kcal/mol","ddG(mAvg)_mean"
"MTYKLTLNGKTLKGETTTEAVDAATAEKVFKQYANDNGVDGEWTYDDATKTFTVTE","I06T","","-0.9127","kcal/mol","ddG(mAvg)_mean"
"MTYKLVLNGKTLKGETTTEAVDAATAEKVFKQYANDNGVDGEWTYDDATKTFTVTE","I06V","","0.4875","kcal/mol","ddG(mAvg)_mean"
"MTYKLYLNGKTLKGETTTEAVDAATAEKVFKQYANDNGVDGEWTYDDATKTFTVTE","I06Y","","-0.21","kcal/mol","ddG(mAvg)_mean"
"MTYKMILNGKTLKGETTTEAVDAATAEKVFKQYANDNGVDGEWTYDDATKTFTVTE","L05M","","-0.6775","kcal/mol","ddG(mAvg)_mean"
"MTYKNILNGKTLKGETTTEAVDAATAEKVFKQYANDNGVDGEWTYDDATKTFTVTE","L05N","","-4","kcal/mol","ddG(mAvg)_mean"
"MTYKPILNGKTLKGETTTEAVDAATAEKVFKQYANDNGVDGEWTYDDATKTFTVTE","L05P","","-1.653","kcal/mol","ddG(mAvg)_mean"
"MTYKQILNGKTLKGETTTEAVDAATAEKVFKQYANDNGVDGEWTYDDATKTFTVTE","L05Q","","-4","kcal/mol","ddG(mAvg)_mean"
"MTYKRILNGKTLKGETTTEAVDAATAEKVFKQYANDNGVDGEWTYDDATKTFTVTE","L05R","","0.7247","kcal/mol","ddG(mAvg)_mean"
"MTYKSILNGKTLKGETTTEAVDAATAEKVFKQYANDNGVDGEWTYDDATKTFTVTE","L05S","","-4","kcal/mol","ddG(mAvg)_mean"
"MTYKTILNGKTLKGETTTEAVDAATAEKVFKQYANDNGVDGEWTYDDATKTFTVTE","L05T","","-4","kcal/mol","ddG(mAvg)_mean"
"MTYKVILNGKTLKGETTTEAVDAATAEKVFKQYANDNGVDGEWTYDDATKTFTVTE","L05V","","-1.251","kcal/mol","ddG(mAvg)_mean"
"MTYKYILNGKTLKGETTTEAVDAATAEKVFKQYANDNGVDGEWTYDDATKTFTVTE","L05Y","","-2.758","kcal/mol","ddG(mAvg)_mean"
"MTYLLILNGKTLKGETTTEAVDAATAEKVFKQYANDNGVDGEWTYDDATKTFTVTE","K04L","","-0.2145","kcal/mol","ddG(mAvg)_mean"
"MTYMLILNGKTLKGETTTEAVDAATAEKVFKQYANDNGVDGEWTYDDATKTFTVTE","K04M","","0.491","kcal/mol","ddG(mAvg)_mean"
"MTYNLILNGKTLKGETTTEAVDAATAEKVFKQYANDNGVDGEWTYDDATKTFTVTE","K04N","","-0.2063","kcal/mol","ddG(mAvg)_mean"
"MTYPLILNGKTLKGETTTEAVDAATAEKVFKQYANDNGVDGEWTYDDATKTFTVTE","K04P","","-4","kcal/mol","ddG(mAvg)_mean"
"MTYQLILNGKTLKGETTTEAVDAATAEKVFKQYANDNGVDGEWTYDDATKTFTVTE","K04Q","","-0.1725","kcal/mol","ddG(mAvg)_mean"
"MTYRLILNGKTLKGETTTEAVDAATAEKVFKQYANDNGVDGEWTYDDATKTFTVTE","K04R","","0.773","kcal/mol","ddG(mAvg)_mean"
"MTYSLILNGKTLKGETTTEAVDAATAEKVFKQYANDNGVDGEWTYDDATKTFTVTE","K04S","","0.1752","kcal/mol","ddG(mAvg)_mean"
"MTYTLILNGKTLKGETTTEAVDAATAEKVFKQYANDNGVDGEWTYDDATKTFTVTE","K04T","","0.4815","kcal/mol","ddG(mAvg)_mean"
"MTYVLILNGKTLKGETTTEAVDAATAEKVFKQYANDNGVDGEWTYDDATKTFTVTE","K04V","","-0.2696","kcal/mol","ddG(mAvg)_mean"
"MTYYLILNGKTLKGETTTEAVDAATAEKVFKQYANDNGVDGEWTYDDATKTFTVTE","K04Y","","0.8246","kcal/mol","ddG(mAvg)_mean"
"MVYKLILNGKTLKGETTTEAVDAATAEKVFKQYANDNGVDGEWTYDDATKTFTVTE","T02V","","1.309","kcal/mol","ddG(mAvg)_mean"
"MYYKLILNGKTLKGETTTEAVDAATAEKVFKQYANDNGVDGEWTYDDATKTFTVTE","T02Y","","0.1476","kcal/mol","ddG(mAvg)_mean"
"NTYKLILNGKTLKGETTTEAVDAATAEKVFKQYANDNGVDGEWTYDDATKTFTVTE","M01N","","0.4343","kcal/mol","ddG(mAvg)_mean"
"PTYKLILNGKTLKGETTTEAVDAATAEKVFKQYANDNGVDGEWTYDDATKTFTVTE","M01P","","0.05926","kcal/mol","ddG(mAvg)_mean"
"QTYKLILNGKTLKGETTTEAVDAATAEKVFKQYANDNGVDGEWTYDDATKTFTVTE","M01Q","","0.4025","kcal/mol","ddG(mAvg)_mean"
"RTYKLILNGKTLKGETTTEAVDAATAEKVFKQYANDNGVDGEWTYDDATKTFTVTE","M01R","","0.5102","kcal/mol","ddG(mAvg)_mean"
"STYKLILNGKTLKGETTTEAVDAATAEKVFKQYANDNGVDGEWTYDDATKTFTVTE","M01S","","0.68","kcal/mol","ddG(mAvg)_mean"
"TTYKLILNGKTLKGETTTEAVDAATAEKVFKQYANDNGVDGEWTYDDATKTFTVTE","M01T","","0.4983","kcal/mol","ddG(mAvg)_mean"
"VTYKLILNGKTLKGETTTEAVDAATAEKVFKQYANDNGVDGEWTYDDATKTFTVTE","M01V","","0.2675","kcal/mol","ddG(mAvg)_mean"
"YTYKLILNGKTLKGETTTEAVDAATAEKVFKQYANDNGVDGEWTYDDATKTFTVTE","M01Y","","0.68","kcal/mol","ddG(mAvg)_mean"